Workbook

Sheet 典型_308→320
A1: Wall Qwen3.5 · RPU 典型_308→320 · 同口径性能/上限分析
A2: 单位：Mi=2^20；FLOPs=2×M×N×K；所有模型权重按 RPU FP16 2 bytes 计。阶段汇总 B3/B4 使用可编辑的 FP16=100 TFLOP/s、DDR=140 GB/s 情景参数；B3=100 对应 100 TOPS 按 2 operations/MAC，若规格按 1 operation/MAC 则填 200。经验 pure-GEMM 板测另列在‘阶段汇总’，不直接冒充峰值。
A3: 输入：3图 grids=[1,8,14]+[1,10,14]×2（patch=392）；real prefix=308，execution bucket=320，chunks=128/128/64；action=[1,32,26]，10 Euler steps。
A4: 注意：RPU 当前 Wall profile 是 FP16；full-attention KV 由逻辑2头复制为物理8头，GDN b/a 由逻辑16列/路填充为每核16槽（物理 N=128）。
A6: 指标 | B6: 单位/说明 | C6: Vision · 3 calls / 2 geometry signatures | K6: Text GDN · 18 layers | Q6: Text full · 6 layers | V6: Action identity · 18×10 | Y6: Action full · 6×10 | AD6: 请求合计
A7: 算子 | B7: — | C7: STEP0 patch_embed | D7: Block QKV | E7: FlashAttention | F7: Block O | G7: Block Up | H7: Block Down | I7: Merger FC1 | J7: Merger FC2 | K7: GDN projections | L7: GDN Conv1D | M7: GDN delta/BMM | N7: GDN O | O7: GDN GateUp | P7: GDN Down | Q7: Full QKV+gate | R7: Full FlashAttention | S7: Full O | T7: Full GateUp | U7: Full Down | V7: AdaLN/residual gate | W7: Identity GateUp | X7: Identity Down | Y7: Action Full QKV+gate | Z7: Action FlashAttention | AA7: Action Full O | AB7: Action Full GateUp | AC7: Action Full Down | AD7: Σ all listed ops
A8: 逻辑 shape | B8: [M,K]×[K,N]；—表示非GEMM | C8: [112/140,1536]×[1536,1024] | D8: [M,1024]×[1024,3072] | E8: [1,16,M,M,64] | F8: [M,1024]×[1024,1024] | G8: [M,1024]×[1024,4096] | H8: [M,4096]×[4096,1024] | I8: [28/35,4096]×[4096,4096] | J8: [28/35,4096]×[4096,2048] | K8: [M,2048]×[2048,8224] | L8: conv_dim=6144,k=4 | M8: C=64,Hc=2,Dk=Dv=128 | N8: [M,2048]×[2048,2048] | O8: [M,2048]×[2048,12288] | P8: [M,6144]×[6144,2048] | Q8: [M,2048]×[2048,5120] | R8: Q=M, KV=cumulative; H=8,D=256 | S8: [M,2048]×[2048,2048] | T8: [M,2048]×[2048,12288] | U8: [M,6144]×[6144,2048] | V8: [32,1024] | W8: [32,1024]×[1024,4096] | X8: [32,2048]×[2048,1024] | Y8: [32,1024]×[1024,5120] | Z8: Q=32, KV=prefix+32; H=8,D=256 | AA8: [32,2048]×[2048,1024] | AB8: [32,1024]×[1024,4096] | AC8: [32,2048]×[2048,1024] | AD8: strict known arithmetic
A9: RPU physical launch | B9: 含 KV replication / b-a padding | C9: [112/140,1536]×[1536,1024] | D9: 3×[M,1024]×[1024,1024] | E9: M=112,140,140; H=16,D=64 | F9: [M,1024]×[1024,1024] | G9: [M,1024]×[1024,4096] | H9: [M,4096]×[4096,1024] | I9: [28/35,4096]×[4096,4096] | J9: [28/35,4096]×[4096,2048] | K9: 4×[M,2048]×[2048,2048] + 2×[M,2048]×[2048,128] | L9: q/k/v path conv, k=4 | M9: assembled BMM/eltwise graph | N9: [M,2048]×[2048,2048] | O9: [M,2048]×[2048,12288] | P9: [M,6144]×[6144,2048] | Q9: [M,2048]×[2048,8192] (KV 2→8 replicate) | R9: chunks=(128, 128, 64); KV=(128, 256, 320) | S9: [M,2048]×[2048,2048] | T9: [M,2048]×[2048,12288] | U9: [M,6144]×[6144,2048] | V9: FP16 RMSNorm + gate; modulation host FP32 | W9: [32,1024]×[1024,4096] | X9: [32,2048]×[2048,1024] | Y9: [32,1024]×[1024,8192] (KV 2→8 replicate) | Z9: prefix real=308, KV=340 | AA9: [32,2048]×[2048,1024] | AB9: [32,1024]×[1024,4096] | AC9: [32,2048]×[2048,1024] | AD9: assumed FP16 weight-stream proxy
A10: 调用次数 | B10: 权重流量的重复因子 | C10: 3图 | D10: 3图×24层 | E10: 3图×24层 | F10: 3图×24层 | G10: 3图×24层 | H10: 3图×24层 | I10: 3图 | J10: 3图 | K10: 3 chunks×18层 | L10: 3 chunks×18层 | M10: 3 chunks×18层 | N10: 3 chunks×18层 | O10: 3 chunks×18层 | P10: 3 chunks×18层 | Q10: 3 chunks×6层 | R10: 3 chunks×6层 | S10: 3 chunks×6层 | T10: 3 chunks×6层 | U10: 3 chunks×6层 | V10: 10 steps×18层 | W10: 10 steps×18层 | X10: 10 steps×18层 | Y10: 10 steps×6层 | Z10: 10 steps×6层 | AA10: 10 steps×6层 | AB10: 10 steps×6层 | AC10: 10 steps×6层 | AD10: request
A11: 逻辑参数 | B11: Mi parameters / layer or call | C11: 1.5 | D11: 3 | E11: — | F11: 1 | G11: 4 | H11: 4 | I11: 16 | J11: 8 | K11: 16.0625 | L11: 0.0234375 | M11: — | N11: 4 | O11: 24 | P11: 12 | Q11: 10 | R11: — | S11: 4 | T11: 24 | U11: 12 | V11: — | W11: 4 | X11: 2 | Y11: 5 | Z11: — | AA11: 2 | AB11: 4 | AC11: 2 | AD11: —
A12: RPU参数 | B12: Mi parameters / physical launch | C12: 1.5 | D12: 3 | E12: — | F12: 1 | G12: 4 | H12: 4 | I12: 16 | J12: 8 | K12: 16.5 | L12: 0.0234375 | M12: — | N12: 4 | O12: 24 | P12: 12 | Q12: 16 | R12: — | S12: 4 | T12: 24 | U12: 12 | V12: — | W12: 4 | X12: 2 | Y12: 8 | Z12: — | AA12: 2 | AB12: 4 | AC12: 2 | AD12: —
A13: 每参数字节 | B13: FP16=2；非GEMM为— | C13: 2 | D13: 2 | E13: — | F13: 2 | G13: 2 | H13: 2 | I13: 2 | J13: 2 | K13: 2 | L13: 2 | M13: — | N13: 2 | O13: 2 | P13: 2 | Q13: 2 | R13: — | S13: 2 | T13: 2 | U13: 2 | V13: — | W13: 2 | X13: 2 | Y13: 2 | Z13: — | AA13: 2 | AB13: 2 | AC13: 2 | AD13: 2
A14: 假设权重流量 proxy | B14: MiB/request；参数字节×假定 stream 次数 | C14: 9 | D14: 432 | E14: — | F14: 144 | G14: 576 | H14: 576 | I14: 96 | J14: 48 | K14: 1782 | L14: 2.53125 | M14: — | N14: 432 | O14: 2592 | P14: 1296 | Q14: 576 | R14: — | S14: 144 | T14: 864 | U14: 432 | V14: — | W14: 1440 | X14: 720 | Y14: 960 | Z14: — | AA14: 240 | AB14: 480 | AC14: 240 | AD14: 14081.531
A15: 严格已知 FLOPs | B15: MiFLOP/request；不含未建模项 | C15: 1176 | D15: 56448 | E15: 4851 | F15: 18816 | G15: 75264 | H15: 75264 | I15: 3136 | J15: 1568 | K15: 190080 | L15: 270 | M15: — | N15: 46080 | O15: 276480 | P15: 138240 | Q15: 61440 | R15: 3264 | S15: 15360 | T15: 92160 | U15: 46080 | V15: — | W15: 46080 | X15: 23040 | Y15: 30720 | Z15: 5100 | AA15: 7680 | AB15: 15360 | AC15: 7680 | AD15: 1241637
A16: 补充 BMM FLOPs | B16: MiFLOP；每核 critical-path proxy，芯片聚合约×8；不入严格合计 | C16: — | D16: — | E16: — | F16: — | G16: — | H16: — | I16: — | J16: — | K16: — | L16: — | M16: 1980 | N16: — | O16: — | P16: — | Q16: — | R16: — | S16: — | T16: — | U16: — | V16: — | W16: — | X16: — | Y16: — | Z16: — | AA16: — | AB16: — | AC16: — | AD16: 1980
A17: compute floor | B17: ms；P=阶段汇总!B3（TFLOP/s） | C17: =IF(NOT(ISNUMBER('阶段汇总'!$B$3)),"待校准",1176*1048576/('阶段汇总'!$B$3*1000000000000)*1000) -> 0.012331254 | D17: =IF(NOT(ISNUMBER('阶段汇总'!$B$3)),"待校准",56448*1048576/('阶段汇总'!$B$3*1000000000000)*1000) -> 0.59190018 | E17: =IF(NOT(ISNUMBER('阶段汇总'!$B$3)),"待校准",4851*1048576/('阶段汇总'!$B$3*1000000000000)*1000) -> 0.050866422 | F17: =IF(NOT(ISNUMBER('阶段汇总'!$B$3)),"待校准",18816*1048576/('阶段汇总'!$B$3*1000000000000)*1000) -> 0.19730006 | G17: =IF(NOT(ISNUMBER('阶段汇总'!$B$3)),"待校准",75264*1048576/('阶段汇总'!$B$3*1000000000000)*1000) -> 0.78920024 | H17: =IF(NOT(ISNUMBER('阶段汇总'!$B$3)),"待校准",75264*1048576/('阶段汇总'!$B$3*1000000000000)*1000) -> 0.78920024 | I17: =IF(NOT(ISNUMBER('阶段汇总'!$B$3)),"待校准",3136*1048576/('阶段汇总'!$B$3*1000000000000)*1000) -> 0.032883343 | J17: =IF(NOT(ISNUMBER('阶段汇总'!$B$3)),"待校准",1568*1048576/('阶段汇总'!$B$3*1000000000000)*1000) -> 0.016441672 | K17: =IF(NOT(ISNUMBER('阶段汇总'!$B$3)),"待校准",190080*1048576/('阶段汇总'!$B$3*1000000000000)*1000) -> 1.9931333 | L17: =IF(NOT(ISNUMBER('阶段汇总'!$B$3)),"待校准",270*1048576/('阶段汇总'!$B$3*1000000000000)*1000) -> 0.0028311552 | M17: N/A | N17: =IF(NOT(ISNUMBER('阶段汇总'!$B$3)),"待校准",46080*1048576/('阶段汇总'!$B$3*1000000000000)*1000) -> 0.48318382 | O17: =IF(NOT(ISNUMBER('阶段汇总'!$B$3)),"待校准",276480*1048576/('阶段汇总'!$B$3*1000000000000)*1000) -> 2.8991029 | P17: =IF(NOT(ISNUMBER('阶段汇总'!$B$3)),"待校准",138240*1048576/('阶段汇总'!$B$3*1000000000000)*1000) -> 1.4495515 | Q17: =IF(NOT(ISNUMBER('阶段汇总'!$B$3)),"待校准",61440*1048576/('阶段汇总'!$B$3*1000000000000)*1000) -> 0.64424509 | R17: =IF(NOT(ISNUMBER('阶段汇总'!$B$3)),"待校准",3264*1048576/('阶段汇总'!$B$3*1000000000000)*1000) -> 0.034225521 | S17: =IF(NOT(ISNUMBER('阶段汇总'!$B$3)),"待校准",15360*1048576/('阶段汇总'!$B$3*1000000000000)*1000) -> 0.16106127 | T17: =IF(NOT(ISNUMBER('阶段汇总'!$B$3)),"待校准",92160*1048576/('阶段汇总'!$B$3*1000000000000)*1000) -> 0.96636764 | U17: =IF(NOT(ISNUMBER('阶段汇总'!$B$3)),"待校准",46080*1048576/('阶段汇总'!$B$3*1000000000000)*1000) -> 0.48318382 | V17: N/A | W17: =IF(NOT(ISNUMBER('阶段汇总'!$B$3)),"待校准",46080*1048576/('阶段汇总'!$B$3*1000000000000)*1000) -> 0.48318382 | X17: =IF(NOT(ISNUMBER('阶段汇总'!$B$3)),"待校准",23040*1048576/('阶段汇总'!$B$3*1000000000000)*1000) -> 0.24159191 | Y17: =IF(NOT(ISNUMBER('阶段汇总'!$B$3)),"待校准",30720*1048576/('阶段汇总'!$B$3*1000000000000)*1000) -> 0.32212255 | Z17: =IF(NOT(ISNUMBER('阶段汇总'!$B$3)),"待校准",5100*1048576/('阶段汇总'!$B$3*1000000000000)*1000) -> 0.053477376 | AA17: =IF(NOT(ISNUMBER('阶段汇总'!$B$3)),"待校准",7680*1048576/('阶段汇总'!$B$3*1000000000000)*1000) -> 0.080530637 | AB17: =IF(NOT(ISNUMBER('阶段汇总'!$B$3)),"待校准",15360*1048576/('阶段汇总'!$B$3*1000000000000)*1000) -> 0.16106127 | AC17: =IF(NOT(ISNUMBER('阶段汇总'!$B$3)),"待校准",7680*1048576/('阶段汇总'!$B$3*1000000000000)*1000) -> 0.080530637 | AD17: =IF(NOT(ISNUMBER('阶段汇总'!$B$3)),"待校准",1241637*1048576/('阶段汇总'!$B$3*1000000000000)*1000) -> 13.019508
A18: memory floor | B18: ms；BW=阶段汇总!B4（十进制 GB/s） | C18: =IF(NOT(ISNUMBER('阶段汇总'!$B$4)),"待校准",9*1048576/('阶段汇总'!$B$4*1000000000)*1000) -> 0.067408457 | D18: =IF(NOT(ISNUMBER('阶段汇总'!$B$4)),"待校准",432*1048576/('阶段汇总'!$B$4*1000000000)*1000) -> 3.2356059 | E18: N/A | F18: =IF(NOT(ISNUMBER('阶段汇总'!$B$4)),"待校准",144*1048576/('阶段汇总'!$B$4*1000000000)*1000) -> 1.0785353 | G18: =IF(NOT(ISNUMBER('阶段汇总'!$B$4)),"待校准",576*1048576/('阶段汇总'!$B$4*1000000000)*1000) -> 4.3141413 | H18: =IF(NOT(ISNUMBER('阶段汇总'!$B$4)),"待校准",576*1048576/('阶段汇总'!$B$4*1000000000)*1000) -> 4.3141413 | I18: =IF(NOT(ISNUMBER('阶段汇总'!$B$4)),"待校准",96*1048576/('阶段汇总'!$B$4*1000000000)*1000) -> 0.71902354 | J18: =IF(NOT(ISNUMBER('阶段汇总'!$B$4)),"待校准",48*1048576/('阶段汇总'!$B$4*1000000000)*1000) -> 0.35951177 | K18: =IF(NOT(ISNUMBER('阶段汇总'!$B$4)),"待校准",1782*1048576/('阶段汇总'!$B$4*1000000000)*1000) -> 13.346875 | L18: =IF(NOT(ISNUMBER('阶段汇总'!$B$4)),"待校准",2.53125*1048576/('阶段汇总'!$B$4*1000000000)*1000) -> 0.018958629 | M18: N/A | N18: =IF(NOT(ISNUMBER('阶段汇总'!$B$4)),"待校准",432*1048576/('阶段汇总'!$B$4*1000000000)*1000) -> 3.2356059 | O18: =IF(NOT(ISNUMBER('阶段汇总'!$B$4)),"待校准",2592*1048576/('阶段汇总'!$B$4*1000000000)*1000) -> 19.413636 | P18: =IF(NOT(ISNUMBER('阶段汇总'!$B$4)),"待校准",1296*1048576/('阶段汇总'!$B$4*1000000000)*1000) -> 9.7068178 | Q18: =IF(NOT(ISNUMBER('阶段汇总'!$B$4)),"待校准",576*1048576/('阶段汇总'!$B$4*1000000000)*1000) -> 4.3141413 | R18: N/A | S18: =IF(NOT(ISNUMBER('阶段汇总'!$B$4)),"待校准",144*1048576/('阶段汇总'!$B$4*1000000000)*1000) -> 1.0785353 | T18: =IF(NOT(ISNUMBER('阶段汇总'!$B$4)),"待校准",864*1048576/('阶段汇总'!$B$4*1000000000)*1000) -> 6.4712119 | U18: =IF(NOT(ISNUMBER('阶段汇总'!$B$4)),"待校准",432*1048576/('阶段汇总'!$B$4*1000000000)*1000) -> 3.2356059 | V18: N/A | W18: =IF(NOT(ISNUMBER('阶段汇总'!$B$4)),"待校准",1440*1048576/('阶段汇总'!$B$4*1000000000)*1000) -> 10.785353 | X18: =IF(NOT(ISNUMBER('阶段汇总'!$B$4)),"待校准",720*1048576/('阶段汇总'!$B$4*1000000000)*1000) -> 5.3926766 | Y18: =IF(NOT(ISNUMBER('阶段汇总'!$B$4)),"待校准",960*1048576/('阶段汇总'!$B$4*1000000000)*1000) -> 7.1902354 | Z18: N/A | AA18: =IF(NOT(ISNUMBER('阶段汇总'!$B$4)),"待校准",240*1048576/('阶段汇总'!$B$4*1000000000)*1000) -> 1.7975589 | AB18: =IF(NOT(ISNUMBER('阶段汇总'!$B$4)),"待校准",480*1048576/('阶段汇总'!$B$4*1000000000)*1000) -> 3.5951177 | AC18: =IF(NOT(ISNUMBER('阶段汇总'!$B$4)),"待校准",240*1048576/('阶段汇总'!$B$4*1000000000)*1000) -> 1.7975589 | AD18: =IF(NOT(ISNUMBER('阶段汇总'!$B$4)),"待校准",14081.53125*1048576/('阶段汇总'!$B$4*1000000000)*1000) -> 105.46826
A19: roofline | B19: max(compute,memory,launch)；理想化下限 | C19: =IF(OR(NOT(ISNUMBER('阶段汇总'!$B$3)),NOT(ISNUMBER('阶段汇总'!$B$4)),NOT(ISNUMBER('阶段汇总'!$B$5))),"待校准",MAX(1176*1048576/('阶段汇总'!$B$3*1000000000000)*1000,9*1048576/('阶段汇总'!$B$4*1000000000)*1000,'阶段汇总'!$B$5)) -> 0.067408457 | D19: =IF(OR(NOT(ISNUMBER('阶段汇总'!$B$3)),NOT(ISNUMBER('阶段汇总'!$B$4)),NOT(ISNUMBER('阶段汇总'!$B$5))),"待校准",MAX(56448*1048576/('阶段汇总'!$B$3*1000000000000)*1000,432*1048576/('阶段汇总'!$B$4*1000000000)*1000,'阶段汇总'!$B$5)) -> 3.2356059 | E19: =IF(OR(NOT(ISNUMBER('阶段汇总'!$B$3)),NOT(ISNUMBER('阶段汇总'!$B$4)),NOT(ISNUMBER('阶段汇总'!$B$5))),"待校准",MAX(4851*1048576/('阶段汇总'!$B$3*1000000000000)*1000,'阶段汇总'!$B$5)) -> 0.050866422 | F19: =IF(OR(NOT(ISNUMBER('阶段汇总'!$B$3)),NOT(ISNUMBER('阶段汇总'!$B$4)),NOT(ISNUMBER('阶段汇总'!$B$5))),"待校准",MAX(18816*1048576/('阶段汇总'!$B$3*1000000000000)*1000,144*1048576/('阶段汇总'!$B$4*1000000000)*1000,'阶段汇总'!$B$5)) -> 1.0785353 | G19: =IF(OR(NOT(ISNUMBER('阶段汇总'!$B$3)),NOT(ISNUMBER('阶段汇总'!$B$4)),NOT(ISNUMBER('阶段汇总'!$B$5))),"待校准",MAX(75264*1048576/('阶段汇总'!$B$3*1000000000000)*1000,576*1048576/('阶段汇总'!$B$4*1000000000)*1000,'阶段汇总'!$B$5)) -> 4.3141413 | H19: =IF(OR(NOT(ISNUMBER('阶段汇总'!$B$3)),NOT(ISNUMBER('阶段汇总'!$B$4)),NOT(ISNUMBER('阶段汇总'!$B$5))),"待校准",MAX(75264*1048576/('阶段汇总'!$B$3*1000000000000)*1000,576*1048576/('阶段汇总'!$B$4*1000000000)*1000,'阶段汇总'!$B$5)) -> 4.3141413 | I19: =IF(OR(NOT(ISNUMBER('阶段汇总'!$B$3)),NOT(ISNUMBER('阶段汇总'!$B$4)),NOT(ISNUMBER('阶段汇总'!$B$5))),"待校准",MAX(3136*1048576/('阶段汇总'!$B$3*1000000000000)*1000,96*1048576/('阶段汇总'!$B$4*1000000000)*1000,'阶段汇总'!$B$5)) -> 0.71902354 | J19: =IF(OR(NOT(ISNUMBER('阶段汇总'!$B$3)),NOT(ISNUMBER('阶段汇总'!$B$4)),NOT(ISNUMBER('阶段汇总'!$B$5))),"待校准",MAX(1568*1048576/('阶段汇总'!$B$3*1000000000000)*1000,48*1048576/('阶段汇总'!$B$4*1000000000)*1000,'阶段汇总'!$B$5)) -> 0.35951177 | K19: =IF(OR(NOT(ISNUMBER('阶段汇总'!$B$3)),NOT(ISNUMBER('阶段汇总'!$B$4)),NOT(ISNUMBER('阶段汇总'!$B$5))),"待校准",MAX(190080*1048576/('阶段汇总'!$B$3*1000000000000)*1000,1782*1048576/('阶段汇总'!$B$4*1000000000)*1000,'阶段汇总'!$B$5)) -> 13.346875 | L19: =IF(OR(NOT(ISNUMBER('阶段汇总'!$B$3)),NOT(ISNUMBER('阶段汇总'!$B$4)),NOT(ISNUMBER('阶段汇总'!$B$5))),"待校准",MAX(270*1048576/('阶段汇总'!$B$3*1000000000000)*1000,2.53125*1048576/('阶段汇总'!$B$4*1000000000)*1000,'阶段汇总'!$B$5)) -> 0.018958629 | M19: N/A | N19: =IF(OR(NOT(ISNUMBER('阶段汇总'!$B$3)),NOT(ISNUMBER('阶段汇总'!$B$4)),NOT(ISNUMBER('阶段汇总'!$B$5))),"待校准",MAX(46080*1048576/('阶段汇总'!$B$3*1000000000000)*1000,432*1048576/('阶段汇总'!$B$4*1000000000)*1000,'阶段汇总'!$B$5)) -> 3.2356059 | O19: =IF(OR(NOT(ISNUMBER('阶段汇总'!$B$3)),NOT(ISNUMBER('阶段汇总'!$B$4)),NOT(ISNUMBER('阶段汇总'!$B$5))),"待校准",MAX(276480*1048576/('阶段汇总'!$B$3*1000000000000)*1000,2592*1048576/('阶段汇总'!$B$4*1000000000)*1000,'阶段汇总'!$B$5)) -> 19.413636 | P19: =IF(OR(NOT(ISNUMBER('阶段汇总'!$B$3)),NOT(ISNUMBER('阶段汇总'!$B$4)),NOT(ISNUMBER('阶段汇总'!$B$5))),"待校准",MAX(138240*1048576/('阶段汇总'!$B$3*1000000000000)*1000,1296*1048576/('阶段汇总'!$B$4*1000000000)*1000,'阶段汇总'!$B$5)) -> 9.7068178 | Q19: =IF(OR(NOT(ISNUMBER('阶段汇总'!$B$3)),NOT(ISNUMBER('阶段汇总'!$B$4)),NOT(ISNUMBER('阶段汇总'!$B$5))),"待校准",MAX(61440*1048576/('阶段汇总'!$B$3*1000000000000)*1000,576*1048576/('阶段汇总'!$B$4*1000000000)*1000,'阶段汇总'!$B$5)) -> 4.3141413 | R19: =IF(OR(NOT(ISNUMBER('阶段汇总'!$B$3)),NOT(ISNUMBER('阶段汇总'!$B$4)),NOT(ISNUMBER('阶段汇总'!$B$5))),"待校准",MAX(3264*1048576/('阶段汇总'!$B$3*1000000000000)*1000,'阶段汇总'!$B$5)) -> 0.034225521 | S19: =IF(OR(NOT(ISNUMBER('阶段汇总'!$B$3)),NOT(ISNUMBER('阶段汇总'!$B$4)),NOT(ISNUMBER('阶段汇总'!$B$5))),"待校准",MAX(15360*1048576/('阶段汇总'!$B$3*1000000000000)*1000,144*1048576/('阶段汇总'!$B$4*1000000000)*1000,'阶段汇总'!$B$5)) -> 1.0785353 | T19: =IF(OR(NOT(ISNUMBER('阶段汇总'!$B$3)),NOT(ISNUMBER('阶段汇总'!$B$4)),NOT(ISNUMBER('阶段汇总'!$B$5))),"待校准",MAX(92160*1048576/('阶段汇总'!$B$3*1000000000000)*1000,864*1048576/('阶段汇总'!$B$4*1000000000)*1000,'阶段汇总'!$B$5)) -> 6.4712119 | U19: =IF(OR(NOT(ISNUMBER('阶段汇总'!$B$3)),NOT(ISNUMBER('阶段汇总'!$B$4)),NOT(ISNUMBER('阶段汇总'!$B$5))),"待校准",MAX(46080*1048576/('阶段汇总'!$B$3*1000000000000)*1000,432*1048576/('阶段汇总'!$B$4*1000000000)*1000,'阶段汇总'!$B$5)) -> 3.2356059 | V19: N/A | W19: =IF(OR(NOT(ISNUMBER('阶段汇总'!$B$3)),NOT(ISNUMBER('阶段汇总'!$B$4)),NOT(ISNUMBER('阶段汇总'!$B$5))),"待校准",MAX(46080*1048576/('阶段汇总'!$B$3*1000000000000)*1000,1440*1048576/('阶段汇总'!$B$4*1000000000)*1000,'阶段汇总'!$B$5)) -> 10.785353 | X19: =IF(OR(NOT(ISNUMBER('阶段汇总'!$B$3)),NOT(ISNUMBER('阶段汇总'!$B$4)),NOT(ISNUMBER('阶段汇总'!$B$5))),"待校准",MAX(23040*1048576/('阶段汇总'!$B$3*1000000000000)*1000,720*1048576/('阶段汇总'!$B$4*1000000000)*1000,'阶段汇总'!$B$5)) -> 5.3926766 | Y19: =IF(OR(NOT(ISNUMBER('阶段汇总'!$B$3)),NOT(ISNUMBER('阶段汇总'!$B$4)),NOT(ISNUMBER('阶段汇总'!$B$5))),"待校准",MAX(30720*1048576/('阶段汇总'!$B$3*1000000000000)*1000,960*1048576/('阶段汇总'!$B$4*1000000000)*1000,'阶段汇总'!$B$5)) -> 7.1902354 | Z19: =IF(OR(NOT(ISNUMBER('阶段汇总'!$B$3)),NOT(ISNUMBER('阶段汇总'!$B$4)),NOT(ISNUMBER('阶段汇总'!$B$5))),"待校准",MAX(5100*1048576/('阶段汇总'!$B$3*1000000000000)*1000,'阶段汇总'!$B$5)) -> 0.053477376 | AA19: =IF(OR(NOT(ISNUMBER('阶段汇总'!$B$3)),NOT(ISNUMBER('阶段汇总'!$B$4)),NOT(ISNUMBER('阶段汇总'!$B$5))),"待校准",MAX(7680*1048576/('阶段汇总'!$B$3*1000000000000)*1000,240*1048576/('阶段汇总'!$B$4*1000000000)*1000,'阶段汇总'!$B$5)) -> 1.7975589 | AB19: =IF(OR(NOT(ISNUMBER('阶段汇总'!$B$3)),NOT(ISNUMBER('阶段汇总'!$B$4)),NOT(ISNUMBER('阶段汇总'!$B$5))),"待校准",MAX(15360*1048576/('阶段汇总'!$B$3*1000000000000)*1000,480*1048576/('阶段汇总'!$B$4*1000000000)*1000,'阶段汇总'!$B$5)) -> 3.5951177 | AC19: =IF(OR(NOT(ISNUMBER('阶段汇总'!$B$3)),NOT(ISNUMBER('阶段汇总'!$B$4)),NOT(ISNUMBER('阶段汇总'!$B$5))),"待校准",MAX(7680*1048576/('阶段汇总'!$B$3*1000000000000)*1000,240*1048576/('阶段汇总'!$B$4*1000000000)*1000,'阶段汇总'!$B$5)) -> 1.7975589 | AD19: =IF(OR(NOT(ISNUMBER('阶段汇总'!$B$3)),NOT(ISNUMBER('阶段汇总'!$B$4)),NOT(ISNUMBER('阶段汇总'!$B$5))),"待校准",MAX(1241637*1048576/('阶段汇总'!$B$3*1000000000000)*1000,14081.53125*1048576/('阶段汇总'!$B$4*1000000000)*1000,'阶段汇总'!$B$5)) -> 105.46826
A20: 备注 | B20: 实现/证据说明 | C20: Conv3d folded to Linear; in-graph STEP0 | D20: three independent Q/K/V col-sharded GEMMs | E20: QK+PV arithmetic; segmented per image | F20: row-sharded + reduce | G20: GELU MLP fc1 | H20: MLP fc2 + reduce | I20: 2×2 spatial merge; aggregate M=98 | J20: merged output enters text hidden=2048 | K20: physical b/a N_bg=128; logical table width=8224 | L20: FP16 conv weights; separate non-GEMM kernel | M20: per-core critical-path proxy; chip aggregate is approximately ×8; not in strict FLOP total | N20: row-sharded + all-reduce | O20: SwiGLU gate/up pair | P20: MLP down + all-reduce | Q20: physical effective KV heads=8 | R20: rectangular QK+PV upper arithmetic; causal mask not discounted | S20: row-sharded + all-reduce | T20: SwiGLU gate/up pair | U20: MLP down + all-reduce | V20: identity mixer: no linear-attention/GDN GEMM | W20: ACC32 tiled FP16 linear | X20: ACC32 tiled FP16 linear | Y20: physical q/gate/k/v each N=2048 | Z20: prefix length is semantic; bucket only fixes graph shape | AA20: row-sharded | AB20: SwiGLU gate/up pair | AC20: MLP down | AD20: 不含激活/KV/host/launch；见‘口径与证据’。
A21: bound type | B21: 按阶段汇总 B3/B4/B5 的 roofline；仅表示 modeled floor | C21: =IF(OR(NOT(ISNUMBER('阶段汇总'!$B$3)),NOT(ISNUMBER('阶段汇总'!$B$4)),NOT(ISNUMBER('阶段汇总'!$B$5))),"待校准",IF('阶段汇总'!$B$5>=MAX(IF(ISNUMBER(C17),C17,0),IF(ISNUMBER(C18),C18,0)),"launch",IF(IF(ISNUMBER(C17),C17,0)>=IF(ISNUMBER(C18),C18,0),"compute","memory"))) -> memory | D21: =IF(OR(NOT(ISNUMBER('阶段汇总'!$B$3)),NOT(ISNUMBER('阶段汇总'!$B$4)),NOT(ISNUMBER('阶段汇总'!$B$5))),"待校准",IF('阶段汇总'!$B$5>=MAX(IF(ISNUMBER(D17),D17,0),IF(ISNUMBER(D18),D18,0)),"launch",IF(IF(ISNUMBER(D17),D17,0)>=IF(ISNUMBER(D18),D18,0),"compute","memory"))) -> memory | E21: =IF(OR(NOT(ISNUMBER('阶段汇总'!$B$3)),NOT(ISNUMBER('阶段汇总'!$B$4)),NOT(ISNUMBER('阶段汇总'!$B$5))),"待校准",IF('阶段汇总'!$B$5>=MAX(IF(ISNUMBER(E17),E17,0),IF(ISNUMBER(E18),E18,0)),"launch",IF(IF(ISNUMBER(E17),E17,0)>=IF(ISNUMBER(E18),E18,0),"compute","memory"))) -> compute | F21: =IF(OR(NOT(ISNUMBER('阶段汇总'!$B$3)),NOT(ISNUMBER('阶段汇总'!$B$4)),NOT(ISNUMBER('阶段汇总'!$B$5))),"待校准",IF('阶段汇总'!$B$5>=MAX(IF(ISNUMBER(F17),F17,0),IF(ISNUMBER(F18),F18,0)),"launch",IF(IF(ISNUMBER(F17),F17,0)>=IF(ISNUMBER(F18),F18,0),"compute","memory"))) -> memory | G21: =IF(OR(NOT(ISNUMBER('阶段汇总'!$B$3)),NOT(ISNUMBER('阶段汇总'!$B$4)),NOT(ISNUMBER('阶段汇总'!$B$5))),"待校准",IF('阶段汇总'!$B$5>=MAX(IF(ISNUMBER(G17),G17,0),IF(ISNUMBER(G18),G18,0)),"launch",IF(IF(ISNUMBER(G17),G17,0)>=IF(ISNUMBER(G18),G18,0),"compute","memory"))) -> memory | H21: =IF(OR(NOT(ISNUMBER('阶段汇总'!$B$3)),NOT(ISNUMBER('阶段汇总'!$B$4)),NOT(ISNUMBER('阶段汇总'!$B$5))),"待校准",IF('阶段汇总'!$B$5>=MAX(IF(ISNUMBER(H17),H17,0),IF(ISNUMBER(H18),H18,0)),"launch",IF(IF(ISNUMBER(H17),H17,0)>=IF(ISNUMBER(H18),H18,0),"compute","memory"))) -> memory | I21: =IF(OR(NOT(ISNUMBER('阶段汇总'!$B$3)),NOT(ISNUMBER('阶段汇总'!$B$4)),NOT(ISNUMBER('阶段汇总'!$B$5))),"待校准",IF('阶段汇总'!$B$5>=MAX(IF(ISNUMBER(I17),I17,0),IF(ISNUMBER(I18),I18,0)),"launch",IF(IF(ISNUMBER(I17),I17,0)>=IF(ISNUMBER(I18),I18,0),"compute","memory"))) -> memory | J21: =IF(OR(NOT(ISNUMBER('阶段汇总'!$B$3)),NOT(ISNUMBER('阶段汇总'!$B$4)),NOT(ISNUMBER('阶段汇总'!$B$5))),"待校准",IF('阶段汇总'!$B$5>=MAX(IF(ISNUMBER(J17),J17,0),IF(ISNUMBER(J18),J18,0)),"launch",IF(IF(ISNUMBER(J17),J17,0)>=IF(ISNUMBER(J18),J18,0),"compute","memory"))) -> memory | ... L21: =IF(OR(NOT(ISNUMBER('阶段汇总'!$B$3)),NOT(ISNUMBER('阶段汇总'!$B$4)),NOT(ISNUMBER('阶段汇总'!$B$5))),"待校准",IF('阶段汇总'!$B$5>=MAX(IF(ISNUMBER(L17),L17,0),IF(ISNUMBER(L18),L18,0)),"launch",IF(IF(ISNUMBER(L17),L17,0)>=IF(ISNUMBER(L18),L18,0),"compute","memory"))) -> memory | M21: N/A | N21: =IF(OR(NOT(ISNUMBER('阶段汇总'!$B$3)),NOT(ISNUMBER('阶段汇总'!$B$4)),NOT(ISNUMBER('阶段汇总'!$B$5))),"待校准",IF('阶段汇总'!$B$5>=MAX(IF(ISNUMBER(N17),N17,0),IF(ISNUMBER(N18),N18,0)),"launch",IF(IF(ISNUMBER(N17),N17,0)>=IF(ISNUMBER(N18),N18,0),"compute","memory"))) -> memory | O21: =IF(OR(NOT(ISNUMBER('阶段汇总'!$B$3)),NOT(ISNUMBER('阶段汇总'!$B$4)),NOT(ISNUMBER('阶段汇总'!$B$5))),"待校准",IF('阶段汇总'!$B$5>=MAX(IF(ISNUMBER(O17),O17,0),IF(ISNUMBER(O18),O18,0)),"launch",IF(IF(ISNUMBER(O17),O17,0)>=IF(ISNUMBER(O18),O18,0),"compute","memory"))) -> memory | P21: =IF(OR(NOT(ISNUMBER('阶段汇总'!$B$3)),NOT(ISNUMBER('阶段汇总'!$B$4)),NOT(ISNUMBER('阶段汇总'!$B$5))),"待校准",IF('阶段汇总'!$B$5>=MAX(IF(ISNUMBER(P17),P17,0),IF(ISNUMBER(P18),P18,0)),"launch",IF(IF(ISNUMBER(P17),P17,0)>=IF(ISNUMBER(P18),P18,0),"compute","memory"))) -> memory | Q21: =IF(OR(NOT(ISNUMBER('阶段汇总'!$B$3)),NOT(ISNUMBER('阶段汇总'!$B$4)),NOT(ISNUMBER('阶段汇总'!$B$5))),"待校准",IF('阶段汇总'!$B$5>=MAX(IF(ISNUMBER(Q17),Q17,0),IF(ISNUMBER(Q18),Q18,0)),"launch",IF(IF(ISNUMBER(Q17),Q17,0)>=IF(ISNUMBER(Q18),Q18,0),"compute","memory"))) -> memory | R21: =IF(OR(NOT(ISNUMBER('阶段汇总'!$B$3)),NOT(ISNUMBER('阶段汇总'!$B$4)),NOT(ISNUMBER('阶段汇总'!$B$5))),"待校准",IF('阶段汇总'!$B$5>=MAX(IF(ISNUMBER(R17),R17,0),IF(ISNUMBER(R18),R18,0)),"launch",IF(IF(ISNUMBER(R17),R17,0)>=IF(ISNUMBER(R18),R18,0),"compute","memory"))) -> compute | S21: =IF(OR(NOT(ISNUMBER('阶段汇总'!$B$3)),NOT(ISNUMBER('阶段汇总'!$B$4)),NOT(ISNUMBER('阶段汇总'!$B$5))),"待校准",IF('阶段汇总'!$B$5>=MAX(IF(ISNUMBER(S17),S17,0),IF(ISNUMBER(S18),S18,0)),"launch",IF(IF(ISNUMBER(S17),S17,0)>=IF(ISNUMBER(S18),S18,0),"compute","memory"))) -> memory | T21: =IF(OR(NOT(ISNUMBER('阶段汇总'!$B$3)),NOT(ISNUMBER('阶段汇总'!$B$4)),NOT(ISNUMBER('阶段汇总'!$B$5))),"待校准",IF('阶段汇总'!$B$5>=MAX(IF(ISNUMBER(T17),T17,0),IF(ISNUMBER(T18),T18,0)),"launch",IF(IF(ISNUMBER(T17),T17,0)>=IF(ISNUMBER(T18),T18,0),"compute","memory"))) -> memory | U21: =IF(OR(NOT(ISNUMBER('阶段汇总'!$B$3)),NOT(ISNUMBER('阶段汇总'!$B$4)),NOT(ISNUMBER('阶段汇总'!$B$5))),"待校准",IF('阶段汇总'!$B$5>=MAX(IF(ISNUMBER(U17),U17,0),IF(ISNUMBER(U18),U18,0)),"launch",IF(IF(ISNUMBER(U17),U17,0)>=IF(ISNUMBER(U18),U18,0),"compute","memory"))) -> memory | V21: N/A | W21: =IF(OR(NOT(ISNUMBER('阶段汇总'!$B$3)),NOT(ISNUMBER('阶段汇总'!$B$4)),NOT(ISNUMBER('阶段汇总'!$B$5))),"待校准",IF('阶段汇总'!$B$5>=MAX(IF(ISNUMBER(W17),W17,0),IF(ISNUMBER(W18),W18,0)),"launch",IF(IF(ISNUMBER(W17),W17,0)>=IF(ISNUMBER(W18),W18,0),"compute","memory"))) -> memory | X21: =IF(OR(NOT(ISNUMBER('阶段汇总'!$B$3)),NOT(ISNUMBER('阶段汇总'!$B$4)),NOT(ISNUMBER('阶段汇总'!$B$5))),"待校准",IF('阶段汇总'!$B$5>=MAX(IF(ISNUMBER(X17),X17,0),IF(ISNUMBER(X18),X18,0)),"launch",IF(IF(ISNUMBER(X17),X17,0)>=IF(ISNUMBER(X18),X18,0),"compute","memory"))) -> memory | Y21: =IF(OR(NOT(ISNUMBER('阶段汇总'!$B$3)),NOT(ISNUMBER('阶段汇总'!$B$4)),NOT(ISNUMBER('阶段汇总'!$B$5))),"待校准",IF('阶段汇总'!$B$5>=MAX(IF(ISNUMBER(Y17),Y17,0),IF(ISNUMBER(Y18),Y18,0)),"launch",IF(IF(ISNUMBER(Y17),Y17,0)>=IF(ISNUMBER(Y18),Y18,0),"compute","memory"))) -> memory | Z21: =IF(OR(NOT(ISNUMBER('阶段汇总'!$B$3)),NOT(ISNUMBER('阶段汇总'!$B$4)),NOT(ISNUMBER('阶段汇总'!$B$5))),"待校准",IF('阶段汇总'!$B$5>=MAX(IF(ISNUMBER(Z17),Z17,0),IF(ISNUMBER(Z18),Z18,0)),"launch",IF(IF(ISNUMBER(Z17),Z17,0)>=IF(ISNUMBER(Z18),Z18,0),"compute","memory"))) -> compute | AA21: =IF(OR(NOT(ISNUMBER('阶段汇总'!$B$3)),NOT(ISNUMBER('阶段汇总'!$B$4)),NOT(ISNUMBER('阶段汇总'!$B$5))),"待校准",IF('阶段汇总'!$B$5>=MAX(IF(ISNUMBER(AA17),AA17,0),IF(ISNUMBER(AA18),AA18,0)),"launch",IF(IF(ISNUMBER(AA17),AA17,0)>=IF(ISNUMBER(AA18),AA18,0),"compute","memory"))) -> memory | AB21: =IF(OR(NOT(ISNUMBER('阶段汇总'!$B$3)),NOT(ISNUMBER('阶段汇总'!$B$4)),NOT(ISNUMBER('阶段汇总'!$B$5))),"待校准",IF('阶段汇总'!$B$5>=MAX(IF(ISNUMBER(AB17),AB17,0),IF(ISNUMBER(AB18),AB18,0)),"launch",IF(IF(ISNUMBER(AB17),AB17,0)>=IF(ISNUMBER(AB18),AB18,0),"compute","memory"))) -> memory | AC21: =IF(OR(NOT(ISNUMBER('阶段汇总'!$B$3)),NOT(ISNUMBER('阶段汇总'!$B$4)),NOT(ISNUMBER('阶段汇总'!$B$5))),"待校准",IF('阶段汇总'!$B$5>=MAX(IF(ISNUMBER(AC17),AC17,0),IF(ISNUMBER(AC18),AC18,0)),"launch",IF(IF(ISNUMBER(AC17),AC17,0)>=IF(ISNUMBER(AC18),AC18,0),"compute","memory"))) -> memory | AD21: =IF(OR(NOT(ISNUMBER('阶段汇总'!$B$3)),NOT(ISNUMBER('阶段汇总'!$B$4)),NOT(ISNUMBER('阶段汇总'!$B$5))),"待校准",IF('阶段汇总'!$B$5>=MAX(IF(ISNUMBER(AD17),AD17,0),IF(ISNUMBER(AD18),AD18,0)),"launch",IF(IF(ISNUMBER(AD17),AD17,0)>=IF(ISNUMBER(AD18),AD18,0),"compute","memory"))) -> memory

Sheet 上限_384
A1: Wall Qwen3.5 · RPU 上限_384 · 同口径性能/上限分析
A2: 单位：Mi=2^20；FLOPs=2×M×N×K；所有模型权重按 RPU FP16 2 bytes 计。阶段汇总 B3/B4 使用可编辑的 FP16=100 TFLOP/s、DDR=140 GB/s 情景参数；B3=100 对应 100 TOPS 按 2 operations/MAC，若规格按 1 operation/MAC 则填 200。经验 pure-GEMM 板测另列在‘阶段汇总’，不直接冒充峰值。
A3: 输入：3图 grids=[1,8,14]+[1,10,14]×2（patch=392）；real prefix=384，execution bucket=384，chunks=128/128/128；action=[1,32,26]，10 Euler steps。
A4: 注意：RPU 当前 Wall profile 是 FP16；full-attention KV 由逻辑2头复制为物理8头，GDN b/a 由逻辑16列/路填充为每核16槽（物理 N=128）。
A6: 指标 | B6: 单位/说明 | C6: Vision · 3 calls / 2 geometry signatures | K6: Text GDN · 18 layers | Q6: Text full · 6 layers | V6: Action identity · 18×10 | Y6: Action full · 6×10 | AD6: 请求合计
A7: 算子 | B7: — | C7: STEP0 patch_embed | D7: Block QKV | E7: FlashAttention | F7: Block O | G7: Block Up | H7: Block Down | I7: Merger FC1 | J7: Merger FC2 | K7: GDN projections | L7: GDN Conv1D | M7: GDN delta/BMM | N7: GDN O | O7: GDN GateUp | P7: GDN Down | Q7: Full QKV+gate | R7: Full FlashAttention | S7: Full O | T7: Full GateUp | U7: Full Down | V7: AdaLN/residual gate | W7: Identity GateUp | X7: Identity Down | Y7: Action Full QKV+gate | Z7: Action FlashAttention | AA7: Action Full O | AB7: Action Full GateUp | AC7: Action Full Down | AD7: Σ all listed ops
A8: 逻辑 shape | B8: [M,K]×[K,N]；—表示非GEMM | C8: [112/140,1536]×[1536,1024] | D8: [M,1024]×[1024,3072] | E8: [1,16,M,M,64] | F8: [M,1024]×[1024,1024] | G8: [M,1024]×[1024,4096] | H8: [M,4096]×[4096,1024] | I8: [28/35,4096]×[4096,4096] | J8: [28/35,4096]×[4096,2048] | K8: [M,2048]×[2048,8224] | L8: conv_dim=6144,k=4 | M8: C=64,Hc=2,Dk=Dv=128 | N8: [M,2048]×[2048,2048] | O8: [M,2048]×[2048,12288] | P8: [M,6144]×[6144,2048] | Q8: [M,2048]×[2048,5120] | R8: Q=M, KV=cumulative; H=8,D=256 | S8: [M,2048]×[2048,2048] | T8: [M,2048]×[2048,12288] | U8: [M,6144]×[6144,2048] | V8: [32,1024] | W8: [32,1024]×[1024,4096] | X8: [32,2048]×[2048,1024] | Y8: [32,1024]×[1024,5120] | Z8: Q=32, KV=prefix+32; H=8,D=256 | AA8: [32,2048]×[2048,1024] | AB8: [32,1024]×[1024,4096] | AC8: [32,2048]×[2048,1024] | AD8: strict known arithmetic
A9: RPU physical launch | B9: 含 KV replication / b-a padding | C9: [112/140,1536]×[1536,1024] | D9: 3×[M,1024]×[1024,1024] | E9: M=112,140,140; H=16,D=64 | F9: [M,1024]×[1024,1024] | G9: [M,1024]×[1024,4096] | H9: [M,4096]×[4096,1024] | I9: [28/35,4096]×[4096,4096] | J9: [28/35,4096]×[4096,2048] | K9: 4×[M,2048]×[2048,2048] + 2×[M,2048]×[2048,128] | L9: q/k/v path conv, k=4 | M9: assembled BMM/eltwise graph | N9: [M,2048]×[2048,2048] | O9: [M,2048]×[2048,12288] | P9: [M,6144]×[6144,2048] | Q9: [M,2048]×[2048,8192] (KV 2→8 replicate) | R9: chunks=(128, 128, 128); KV=(128, 256, 384) | S9: [M,2048]×[2048,2048] | T9: [M,2048]×[2048,12288] | U9: [M,6144]×[6144,2048] | V9: FP16 RMSNorm + gate; modulation host FP32 | W9: [32,1024]×[1024,4096] | X9: [32,2048]×[2048,1024] | Y9: [32,1024]×[1024,8192] (KV 2→8 replicate) | Z9: prefix real=384, KV=416 | AA9: [32,2048]×[2048,1024] | AB9: [32,1024]×[1024,4096] | AC9: [32,2048]×[2048,1024] | AD9: assumed FP16 weight-stream proxy
A10: 调用次数 | B10: 权重流量的重复因子 | C10: 3图 | D10: 3图×24层 | E10: 3图×24层 | F10: 3图×24层 | G10: 3图×24层 | H10: 3图×24层 | I10: 3图 | J10: 3图 | K10: 3 chunks×18层 | L10: 3 chunks×18层 | M10: 3 chunks×18层 | N10: 3 chunks×18层 | O10: 3 chunks×18层 | P10: 3 chunks×18层 | Q10: 3 chunks×6层 | R10: 3 chunks×6层 | S10: 3 chunks×6层 | T10: 3 chunks×6层 | U10: 3 chunks×6层 | V10: 10 steps×18层 | W10: 10 steps×18层 | X10: 10 steps×18层 | Y10: 10 steps×6层 | Z10: 10 steps×6层 | AA10: 10 steps×6层 | AB10: 10 steps×6层 | AC10: 10 steps×6层 | AD10: request
A11: 逻辑参数 | B11: Mi parameters / layer or call | C11: 1.5 | D11: 3 | E11: — | F11: 1 | G11: 4 | H11: 4 | I11: 16 | J11: 8 | K11: 16.0625 | L11: 0.0234375 | M11: — | N11: 4 | O11: 24 | P11: 12 | Q11: 10 | R11: — | S11: 4 | T11: 24 | U11: 12 | V11: — | W11: 4 | X11: 2 | Y11: 5 | Z11: — | AA11: 2 | AB11: 4 | AC11: 2 | AD11: —
A12: RPU参数 | B12: Mi parameters / physical launch | C12: 1.5 | D12: 3 | E12: — | F12: 1 | G12: 4 | H12: 4 | I12: 16 | J12: 8 | K12: 16.5 | L12: 0.0234375 | M12: — | N12: 4 | O12: 24 | P12: 12 | Q12: 16 | R12: — | S12: 4 | T12: 24 | U12: 12 | V12: — | W12: 4 | X12: 2 | Y12: 8 | Z12: — | AA12: 2 | AB12: 4 | AC12: 2 | AD12: —
A13: 每参数字节 | B13: FP16=2；非GEMM为— | C13: 2 | D13: 2 | E13: — | F13: 2 | G13: 2 | H13: 2 | I13: 2 | J13: 2 | K13: 2 | L13: 2 | M13: — | N13: 2 | O13: 2 | P13: 2 | Q13: 2 | R13: — | S13: 2 | T13: 2 | U13: 2 | V13: — | W13: 2 | X13: 2 | Y13: 2 | Z13: — | AA13: 2 | AB13: 2 | AC13: 2 | AD13: 2
A14: 假设权重流量 proxy | B14: MiB/request；参数字节×假定 stream 次数 | C14: 9 | D14: 432 | E14: — | F14: 144 | G14: 576 | H14: 576 | I14: 96 | J14: 48 | K14: 1782 | L14: 2.53125 | M14: — | N14: 432 | O14: 2592 | P14: 1296 | Q14: 576 | R14: — | S14: 144 | T14: 864 | U14: 432 | V14: — | W14: 1440 | X14: 720 | Y14: 960 | Z14: — | AA14: 240 | AB14: 480 | AC14: 240 | AD14: 14081.531
A15: 严格已知 FLOPs | B15: MiFLOP/request；不含未建模项 | C15: 1176 | D15: 56448 | E15: 4851 | F15: 18816 | G15: 75264 | H15: 75264 | I15: 3136 | J15: 1568 | K15: 228096 | L15: 324 | M15: — | N15: 55296 | O15: 331776 | P15: 165888 | Q15: 73728 | R15: 4608 | S15: 18432 | T15: 110592 | U15: 55296 | V15: — | W15: 46080 | X15: 23040 | Y15: 30720 | Z15: 6240 | AA15: 7680 | AB15: 15360 | AC15: 7680 | AD15: 1417359
A16: 补充 BMM FLOPs | B16: MiFLOP；每核 critical-path proxy，芯片聚合约×8；不入严格合计 | C16: — | D16: — | E16: — | F16: — | G16: — | H16: — | I16: — | J16: — | K16: — | L16: — | M16: 2376 | N16: — | O16: — | P16: — | Q16: — | R16: — | S16: — | T16: — | U16: — | V16: — | W16: — | X16: — | Y16: — | Z16: — | AA16: — | AB16: — | AC16: — | AD16: 2376
A17: compute floor | B17: ms；P=阶段汇总!B3（TFLOP/s） | C17: =IF(NOT(ISNUMBER('阶段汇总'!$B$3)),"待校准",1176*1048576/('阶段汇总'!$B$3*1000000000000)*1000) -> 0.012331254 | D17: =IF(NOT(ISNUMBER('阶段汇总'!$B$3)),"待校准",56448*1048576/('阶段汇总'!$B$3*1000000000000)*1000) -> 0.59190018 | E17: =IF(NOT(ISNUMBER('阶段汇总'!$B$3)),"待校准",4851*1048576/('阶段汇总'!$B$3*1000000000000)*1000) -> 0.050866422 | F17: =IF(NOT(ISNUMBER('阶段汇总'!$B$3)),"待校准",18816*1048576/('阶段汇总'!$B$3*1000000000000)*1000) -> 0.19730006 | G17: =IF(NOT(ISNUMBER('阶段汇总'!$B$3)),"待校准",75264*1048576/('阶段汇总'!$B$3*1000000000000)*1000) -> 0.78920024 | H17: =IF(NOT(ISNUMBER('阶段汇总'!$B$3)),"待校准",75264*1048576/('阶段汇总'!$B$3*1000000000000)*1000) -> 0.78920024 | I17: =IF(NOT(ISNUMBER('阶段汇总'!$B$3)),"待校准",3136*1048576/('阶段汇总'!$B$3*1000000000000)*1000) -> 0.032883343 | J17: =IF(NOT(ISNUMBER('阶段汇总'!$B$3)),"待校准",1568*1048576/('阶段汇总'!$B$3*1000000000000)*1000) -> 0.016441672 | K17: =IF(NOT(ISNUMBER('阶段汇总'!$B$3)),"待校准",228096*1048576/('阶段汇总'!$B$3*1000000000000)*1000) -> 2.3917599 | L17: =IF(NOT(ISNUMBER('阶段汇总'!$B$3)),"待校准",324*1048576/('阶段汇总'!$B$3*1000000000000)*1000) -> 0.0033973862 | M17: N/A | N17: =IF(NOT(ISNUMBER('阶段汇总'!$B$3)),"待校准",55296*1048576/('阶段汇总'!$B$3*1000000000000)*1000) -> 0.57982058 | O17: =IF(NOT(ISNUMBER('阶段汇总'!$B$3)),"待校准",331776*1048576/('阶段汇总'!$B$3*1000000000000)*1000) -> 3.4789235 | P17: =IF(NOT(ISNUMBER('阶段汇总'!$B$3)),"待校准",165888*1048576/('阶段汇总'!$B$3*1000000000000)*1000) -> 1.7394618 | Q17: =IF(NOT(ISNUMBER('阶段汇总'!$B$3)),"待校准",73728*1048576/('阶段汇总'!$B$3*1000000000000)*1000) -> 0.77309411 | R17: =IF(NOT(ISNUMBER('阶段汇总'!$B$3)),"待校准",4608*1048576/('阶段汇总'!$B$3*1000000000000)*1000) -> 0.048318382 | S17: =IF(NOT(ISNUMBER('阶段汇总'!$B$3)),"待校准",18432*1048576/('阶段汇总'!$B$3*1000000000000)*1000) -> 0.19327353 | T17: =IF(NOT(ISNUMBER('阶段汇总'!$B$3)),"待校准",110592*1048576/('阶段汇总'!$B$3*1000000000000)*1000) -> 1.1596412 | U17: =IF(NOT(ISNUMBER('阶段汇总'!$B$3)),"待校准",55296*1048576/('阶段汇总'!$B$3*1000000000000)*1000) -> 0.57982058 | V17: N/A | W17: =IF(NOT(ISNUMBER('阶段汇总'!$B$3)),"待校准",46080*1048576/('阶段汇总'!$B$3*1000000000000)*1000) -> 0.48318382 | X17: =IF(NOT(ISNUMBER('阶段汇总'!$B$3)),"待校准",23040*1048576/('阶段汇总'!$B$3*1000000000000)*1000) -> 0.24159191 | Y17: =IF(NOT(ISNUMBER('阶段汇总'!$B$3)),"待校准",30720*1048576/('阶段汇总'!$B$3*1000000000000)*1000) -> 0.32212255 | Z17: =IF(NOT(ISNUMBER('阶段汇总'!$B$3)),"待校准",6240*1048576/('阶段汇总'!$B$3*1000000000000)*1000) -> 0.065431142 | AA17: =IF(NOT(ISNUMBER('阶段汇总'!$B$3)),"待校准",7680*1048576/('阶段汇总'!$B$3*1000000000000)*1000) -> 0.080530637 | AB17: =IF(NOT(ISNUMBER('阶段汇总'!$B$3)),"待校准",15360*1048576/('阶段汇总'!$B$3*1000000000000)*1000) -> 0.16106127 | AC17: =IF(NOT(ISNUMBER('阶段汇总'!$B$3)),"待校准",7680*1048576/('阶段汇总'!$B$3*1000000000000)*1000) -> 0.080530637 | AD17: =IF(NOT(ISNUMBER('阶段汇总'!$B$3)),"待校准",1417359*1048576/('阶段汇总'!$B$3*1000000000000)*1000) -> 14.862086
A18: memory floor | B18: ms；BW=阶段汇总!B4（十进制 GB/s） | C18: =IF(NOT(ISNUMBER('阶段汇总'!$B$4)),"待校准",9*1048576/('阶段汇总'!$B$4*1000000000)*1000) -> 0.067408457 | D18: =IF(NOT(ISNUMBER('阶段汇总'!$B$4)),"待校准",432*1048576/('阶段汇总'!$B$4*1000000000)*1000) -> 3.2356059 | E18: N/A | F18: =IF(NOT(ISNUMBER('阶段汇总'!$B$4)),"待校准",144*1048576/('阶段汇总'!$B$4*1000000000)*1000) -> 1.0785353 | G18: =IF(NOT(ISNUMBER('阶段汇总'!$B$4)),"待校准",576*1048576/('阶段汇总'!$B$4*1000000000)*1000) -> 4.3141413 | H18: =IF(NOT(ISNUMBER('阶段汇总'!$B$4)),"待校准",576*1048576/('阶段汇总'!$B$4*1000000000)*1000) -> 4.3141413 | I18: =IF(NOT(ISNUMBER('阶段汇总'!$B$4)),"待校准",96*1048576/('阶段汇总'!$B$4*1000000000)*1000) -> 0.71902354 | J18: =IF(NOT(ISNUMBER('阶段汇总'!$B$4)),"待校准",48*1048576/('阶段汇总'!$B$4*1000000000)*1000) -> 0.35951177 | K18: =IF(NOT(ISNUMBER('阶段汇总'!$B$4)),"待校准",1782*1048576/('阶段汇总'!$B$4*1000000000)*1000) -> 13.346875 | L18: =IF(NOT(ISNUMBER('阶段汇总'!$B$4)),"待校准",2.53125*1048576/('阶段汇总'!$B$4*1000000000)*1000) -> 0.018958629 | M18: N/A | N18: =IF(NOT(ISNUMBER('阶段汇总'!$B$4)),"待校准",432*1048576/('阶段汇总'!$B$4*1000000000)*1000) -> 3.2356059 | O18: =IF(NOT(ISNUMBER('阶段汇总'!$B$4)),"待校准",2592*1048576/('阶段汇总'!$B$4*1000000000)*1000) -> 19.413636 | P18: =IF(NOT(ISNUMBER('阶段汇总'!$B$4)),"待校准",1296*1048576/('阶段汇总'!$B$4*1000000000)*1000) -> 9.7068178 | Q18: =IF(NOT(ISNUMBER('阶段汇总'!$B$4)),"待校准",576*1048576/('阶段汇总'!$B$4*1000000000)*1000) -> 4.3141413 | R18: N/A | S18: =IF(NOT(ISNUMBER('阶段汇总'!$B$4)),"待校准",144*1048576/('阶段汇总'!$B$4*1000000000)*1000) -> 1.0785353 | T18: =IF(NOT(ISNUMBER('阶段汇总'!$B$4)),"待校准",864*1048576/('阶段汇总'!$B$4*1000000000)*1000) -> 6.4712119 | U18: =IF(NOT(ISNUMBER('阶段汇总'!$B$4)),"待校准",432*1048576/('阶段汇总'!$B$4*1000000000)*1000) -> 3.2356059 | V18: N/A | W18: =IF(NOT(ISNUMBER('阶段汇总'!$B$4)),"待校准",1440*1048576/('阶段汇总'!$B$4*1000000000)*1000) -> 10.785353 | X18: =IF(NOT(ISNUMBER('阶段汇总'!$B$4)),"待校准",720*1048576/('阶段汇总'!$B$4*1000000000)*1000) -> 5.3926766 | Y18: =IF(NOT(ISNUMBER('阶段汇总'!$B$4)),"待校准",960*1048576/('阶段汇总'!$B$4*1000000000)*1000) -> 7.1902354 | Z18: N/A | AA18: =IF(NOT(ISNUMBER('阶段汇总'!$B$4)),"待校准",240*1048576/('阶段汇总'!$B$4*1000000000)*1000) -> 1.7975589 | AB18: =IF(NOT(ISNUMBER('阶段汇总'!$B$4)),"待校准",480*1048576/('阶段汇总'!$B$4*1000000000)*1000) -> 3.5951177 | AC18: =IF(NOT(ISNUMBER('阶段汇总'!$B$4)),"待校准",240*1048576/('阶段汇总'!$B$4*1000000000)*1000) -> 1.7975589 | AD18: =IF(NOT(ISNUMBER('阶段汇总'!$B$4)),"待校准",14081.53125*1048576/('阶段汇总'!$B$4*1000000000)*1000) -> 105.46826
A19: roofline | B19: max(compute,memory,launch)；理想化下限 | C19: =IF(OR(NOT(ISNUMBER('阶段汇总'!$B$3)),NOT(ISNUMBER('阶段汇总'!$B$4)),NOT(ISNUMBER('阶段汇总'!$B$5))),"待校准",MAX(1176*1048576/('阶段汇总'!$B$3*1000000000000)*1000,9*1048576/('阶段汇总'!$B$4*1000000000)*1000,'阶段汇总'!$B$5)) -> 0.067408457 | D19: =IF(OR(NOT(ISNUMBER('阶段汇总'!$B$3)),NOT(ISNUMBER('阶段汇总'!$B$4)),NOT(ISNUMBER('阶段汇总'!$B$5))),"待校准",MAX(56448*1048576/('阶段汇总'!$B$3*1000000000000)*1000,432*1048576/('阶段汇总'!$B$4*1000000000)*1000,'阶段汇总'!$B$5)) -> 3.2356059 | E19: =IF(OR(NOT(ISNUMBER('阶段汇总'!$B$3)),NOT(ISNUMBER('阶段汇总'!$B$4)),NOT(ISNUMBER('阶段汇总'!$B$5))),"待校准",MAX(4851*1048576/('阶段汇总'!$B$3*1000000000000)*1000,'阶段汇总'!$B$5)) -> 0.050866422 | F19: =IF(OR(NOT(ISNUMBER('阶段汇总'!$B$3)),NOT(ISNUMBER('阶段汇总'!$B$4)),NOT(ISNUMBER('阶段汇总'!$B$5))),"待校准",MAX(18816*1048576/('阶段汇总'!$B$3*1000000000000)*1000,144*1048576/('阶段汇总'!$B$4*1000000000)*1000,'阶段汇总'!$B$5)) -> 1.0785353 | G19: =IF(OR(NOT(ISNUMBER('阶段汇总'!$B$3)),NOT(ISNUMBER('阶段汇总'!$B$4)),NOT(ISNUMBER('阶段汇总'!$B$5))),"待校准",MAX(75264*1048576/('阶段汇总'!$B$3*1000000000000)*1000,576*1048576/('阶段汇总'!$B$4*1000000000)*1000,'阶段汇总'!$B$5)) -> 4.3141413 | H19: =IF(OR(NOT(ISNUMBER('阶段汇总'!$B$3)),NOT(ISNUMBER('阶段汇总'!$B$4)),NOT(ISNUMBER('阶段汇总'!$B$5))),"待校准",MAX(75264*1048576/('阶段汇总'!$B$3*1000000000000)*1000,576*1048576/('阶段汇总'!$B$4*1000000000)*1000,'阶段汇总'!$B$5)) -> 4.3141413 | I19: =IF(OR(NOT(ISNUMBER('阶段汇总'!$B$3)),NOT(ISNUMBER('阶段汇总'!$B$4)),NOT(ISNUMBER('阶段汇总'!$B$5))),"待校准",MAX(3136*1048576/('阶段汇总'!$B$3*1000000000000)*1000,96*1048576/('阶段汇总'!$B$4*1000000000)*1000,'阶段汇总'!$B$5)) -> 0.71902354 | J19: =IF(OR(NOT(ISNUMBER('阶段汇总'!$B$3)),NOT(ISNUMBER('阶段汇总'!$B$4)),NOT(ISNUMBER('阶段汇总'!$B$5))),"待校准",MAX(1568*1048576/('阶段汇总'!$B$3*1000000000000)*1000,48*1048576/('阶段汇总'!$B$4*1000000000)*1000,'阶段汇总'!$B$5)) -> 0.35951177 | K19: =IF(OR(NOT(ISNUMBER('阶段汇总'!$B$3)),NOT(ISNUMBER('阶段汇总'!$B$4)),NOT(ISNUMBER('阶段汇总'!$B$5))),"待校准",MAX(228096*1048576/('阶段汇总'!$B$3*1000000000000)*1000,1782*1048576/('阶段汇总'!$B$4*1000000000)*1000,'阶段汇总'!$B$5)) -> 13.346875 | L19: =IF(OR(NOT(ISNUMBER('阶段汇总'!$B$3)),NOT(ISNUMBER('阶段汇总'!$B$4)),NOT(ISNUMBER('阶段汇总'!$B$5))),"待校准",MAX(324*1048576/('阶段汇总'!$B$3*1000000000000)*1000,2.53125*1048576/('阶段汇总'!$B$4*1000000000)*1000,'阶段汇总'!$B$5)) -> 0.018958629 | M19: N/A | N19: =IF(OR(NOT(ISNUMBER('阶段汇总'!$B$3)),NOT(ISNUMBER('阶段汇总'!$B$4)),NOT(ISNUMBER('阶段汇总'!$B$5))),"待校准",MAX(55296*1048576/('阶段汇总'!$B$3*1000000000000)*1000,432*1048576/('阶段汇总'!$B$4*1000000000)*1000,'阶段汇总'!$B$5)) -> 3.2356059 | O19: =IF(OR(NOT(ISNUMBER('阶段汇总'!$B$3)),NOT(ISNUMBER('阶段汇总'!$B$4)),NOT(ISNUMBER('阶段汇总'!$B$5))),"待校准",MAX(331776*1048576/('阶段汇总'!$B$3*1000000000000)*1000,2592*1048576/('阶段汇总'!$B$4*1000000000)*1000,'阶段汇总'!$B$5)) -> 19.413636 | P19: =IF(OR(NOT(ISNUMBER('阶段汇总'!$B$3)),NOT(ISNUMBER('阶段汇总'!$B$4)),NOT(ISNUMBER('阶段汇总'!$B$5))),"待校准",MAX(165888*1048576/('阶段汇总'!$B$3*1000000000000)*1000,1296*1048576/('阶段汇总'!$B$4*1000000000)*1000,'阶段汇总'!$B$5)) -> 9.7068178 | Q19: =IF(OR(NOT(ISNUMBER('阶段汇总'!$B$3)),NOT(ISNUMBER('阶段汇总'!$B$4)),NOT(ISNUMBER('阶段汇总'!$B$5))),"待校准",MAX(73728*1048576/('阶段汇总'!$B$3*1000000000000)*1000,576*1048576/('阶段汇总'!$B$4*1000000000)*1000,'阶段汇总'!$B$5)) -> 4.3141413 | R19: =IF(OR(NOT(ISNUMBER('阶段汇总'!$B$3)),NOT(ISNUMBER('阶段汇总'!$B$4)),NOT(ISNUMBER('阶段汇总'!$B$5))),"待校准",MAX(4608*1048576/('阶段汇总'!$B$3*1000000000000)*1000,'阶段汇总'!$B$5)) -> 0.048318382 | S19: =IF(OR(NOT(ISNUMBER('阶段汇总'!$B$3)),NOT(ISNUMBER('阶段汇总'!$B$4)),NOT(ISNUMBER('阶段汇总'!$B$5))),"待校准",MAX(18432*1048576/('阶段汇总'!$B$3*1000000000000)*1000,144*1048576/('阶段汇总'!$B$4*1000000000)*1000,'阶段汇总'!$B$5)) -> 1.0785353 | T19: =IF(OR(NOT(ISNUMBER('阶段汇总'!$B$3)),NOT(ISNUMBER('阶段汇总'!$B$4)),NOT(ISNUMBER('阶段汇总'!$B$5))),"待校准",MAX(110592*1048576/('阶段汇总'!$B$3*1000000000000)*1000,864*1048576/('阶段汇总'!$B$4*1000000000)*1000,'阶段汇总'!$B$5)) -> 6.4712119 | U19: =IF(OR(NOT(ISNUMBER('阶段汇总'!$B$3)),NOT(ISNUMBER('阶段汇总'!$B$4)),NOT(ISNUMBER('阶段汇总'!$B$5))),"待校准",MAX(55296*1048576/('阶段汇总'!$B$3*1000000000000)*1000,432*1048576/('阶段汇总'!$B$4*1000000000)*1000,'阶段汇总'!$B$5)) -> 3.2356059 | V19: N/A | W19: =IF(OR(NOT(ISNUMBER('阶段汇总'!$B$3)),NOT(ISNUMBER('阶段汇总'!$B$4)),NOT(ISNUMBER('阶段汇总'!$B$5))),"待校准",MAX(46080*1048576/('阶段汇总'!$B$3*1000000000000)*1000,1440*1048576/('阶段汇总'!$B$4*1000000000)*1000,'阶段汇总'!$B$5)) -> 10.785353 | X19: =IF(OR(NOT(ISNUMBER('阶段汇总'!$B$3)),NOT(ISNUMBER('阶段汇总'!$B$4)),NOT(ISNUMBER('阶段汇总'!$B$5))),"待校准",MAX(23040*1048576/('阶段汇总'!$B$3*1000000000000)*1000,720*1048576/('阶段汇总'!$B$4*1000000000)*1000,'阶段汇总'!$B$5)) -> 5.3926766 | Y19: =IF(OR(NOT(ISNUMBER('阶段汇总'!$B$3)),NOT(ISNUMBER('阶段汇总'!$B$4)),NOT(ISNUMBER('阶段汇总'!$B$5))),"待校准",MAX(30720*1048576/('阶段汇总'!$B$3*1000000000000)*1000,960*1048576/('阶段汇总'!$B$4*1000000000)*1000,'阶段汇总'!$B$5)) -> 7.1902354 | Z19: =IF(OR(NOT(ISNUMBER('阶段汇总'!$B$3)),NOT(ISNUMBER('阶段汇总'!$B$4)),NOT(ISNUMBER('阶段汇总'!$B$5))),"待校准",MAX(6240*1048576/('阶段汇总'!$B$3*1000000000000)*1000,'阶段汇总'!$B$5)) -> 0.065431142 | AA19: =IF(OR(NOT(ISNUMBER('阶段汇总'!$B$3)),NOT(ISNUMBER('阶段汇总'!$B$4)),NOT(ISNUMBER('阶段汇总'!$B$5))),"待校准",MAX(7680*1048576/('阶段汇总'!$B$3*1000000000000)*1000,240*1048576/('阶段汇总'!$B$4*1000000000)*1000,'阶段汇总'!$B$5)) -> 1.7975589 | AB19: =IF(OR(NOT(ISNUMBER('阶段汇总'!$B$3)),NOT(ISNUMBER('阶段汇总'!$B$4)),NOT(ISNUMBER('阶段汇总'!$B$5))),"待校准",MAX(15360*1048576/('阶段汇总'!$B$3*1000000000000)*1000,480*1048576/('阶段汇总'!$B$4*1000000000)*1000,'阶段汇总'!$B$5)) -> 3.5951177 | AC19: =IF(OR(NOT(ISNUMBER('阶段汇总'!$B$3)),NOT(ISNUMBER('阶段汇总'!$B$4)),NOT(ISNUMBER('阶段汇总'!$B$5))),"待校准",MAX(7680*1048576/('阶段汇总'!$B$3*1000000000000)*1000,240*1048576/('阶段汇总'!$B$4*1000000000)*1000,'阶段汇总'!$B$5)) -> 1.7975589 | AD19: =IF(OR(NOT(ISNUMBER('阶段汇总'!$B$3)),NOT(ISNUMBER('阶段汇总'!$B$4)),NOT(ISNUMBER('阶段汇总'!$B$5))),"待校准",MAX(1417359*1048576/('阶段汇总'!$B$3*1000000000000)*1000,14081.53125*1048576/('阶段汇总'!$B$4*1000000000)*1000,'阶段汇总'!$B$5)) -> 105.46826
A20: 备注 | B20: 实现/证据说明 | C20: Conv3d folded to Linear; in-graph STEP0 | D20: three independent Q/K/V col-sharded GEMMs | E20: QK+PV arithmetic; segmented per image | F20: row-sharded + reduce | G20: GELU MLP fc1 | H20: MLP fc2 + reduce | I20: 2×2 spatial merge; aggregate M=98 | J20: merged output enters text hidden=2048 | K20: physical b/a N_bg=128; logical table width=8224 | L20: FP16 conv weights; separate non-GEMM kernel | M20: per-core critical-path proxy; chip aggregate is approximately ×8; not in strict FLOP total | N20: row-sharded + all-reduce | O20: SwiGLU gate/up pair | P20: MLP down + all-reduce | Q20: physical effective KV heads=8 | R20: rectangular QK+PV upper arithmetic; causal mask not discounted | S20: row-sharded + all-reduce | T20: SwiGLU gate/up pair | U20: MLP down + all-reduce | V20: identity mixer: no linear-attention/GDN GEMM | W20: ACC32 tiled FP16 linear | X20: ACC32 tiled FP16 linear | Y20: physical q/gate/k/v each N=2048 | Z20: prefix length is semantic; bucket only fixes graph shape | AA20: row-sharded | AB20: SwiGLU gate/up pair | AC20: MLP down | AD20: 不含激活/KV/host/launch；见‘口径与证据’。
A21: bound type | B21: 按阶段汇总 B3/B4/B5 的 roofline；仅表示 modeled floor | C21: =IF(OR(NOT(ISNUMBER('阶段汇总'!$B$3)),NOT(ISNUMBER('阶段汇总'!$B$4)),NOT(ISNUMBER('阶段汇总'!$B$5))),"待校准",IF('阶段汇总'!$B$5>=MAX(IF(ISNUMBER(C17),C17,0),IF(ISNUMBER(C18),C18,0)),"launch",IF(IF(ISNUMBER(C17),C17,0)>=IF(ISNUMBER(C18),C18,0),"compute","memory"))) -> memory | D21: =IF(OR(NOT(ISNUMBER('阶段汇总'!$B$3)),NOT(ISNUMBER('阶段汇总'!$B$4)),NOT(ISNUMBER('阶段汇总'!$B$5))),"待校准",IF('阶段汇总'!$B$5>=MAX(IF(ISNUMBER(D17),D17,0),IF(ISNUMBER(D18),D18,0)),"launch",IF(IF(ISNUMBER(D17),D17,0)>=IF(ISNUMBER(D18),D18,0),"compute","memory"))) -> memory | E21: =IF(OR(NOT(ISNUMBER('阶段汇总'!$B$3)),NOT(ISNUMBER('阶段汇总'!$B$4)),NOT(ISNUMBER('阶段汇总'!$B$5))),"待校准",IF('阶段汇总'!$B$5>=MAX(IF(ISNUMBER(E17),E17,0),IF(ISNUMBER(E18),E18,0)),"launch",IF(IF(ISNUMBER(E17),E17,0)>=IF(ISNUMBER(E18),E18,0),"compute","memory"))) -> compute | F21: =IF(OR(NOT(ISNUMBER('阶段汇总'!$B$3)),NOT(ISNUMBER('阶段汇总'!$B$4)),NOT(ISNUMBER('阶段汇总'!$B$5))),"待校准",IF('阶段汇总'!$B$5>=MAX(IF(ISNUMBER(F17),F17,0),IF(ISNUMBER(F18),F18,0)),"launch",IF(IF(ISNUMBER(F17),F17,0)>=IF(ISNUMBER(F18),F18,0),"compute","memory"))) -> memory | G21: =IF(OR(NOT(ISNUMBER('阶段汇总'!$B$3)),NOT(ISNUMBER('阶段汇总'!$B$4)),NOT(ISNUMBER('阶段汇总'!$B$5))),"待校准",IF('阶段汇总'!$B$5>=MAX(IF(ISNUMBER(G17),G17,0),IF(ISNUMBER(G18),G18,0)),"launch",IF(IF(ISNUMBER(G17),G17,0)>=IF(ISNUMBER(G18),G18,0),"compute","memory"))) -> memory | H21: =IF(OR(NOT(ISNUMBER('阶段汇总'!$B$3)),NOT(ISNUMBER('阶段汇总'!$B$4)),NOT(ISNUMBER('阶段汇总'!$B$5))),"待校准",IF('阶段汇总'!$B$5>=MAX(IF(ISNUMBER(H17),H17,0),IF(ISNUMBER(H18),H18,0)),"launch",IF(IF(ISNUMBER(H17),H17,0)>=IF(ISNUMBER(H18),H18,0),"compute","memory"))) -> memory | I21: =IF(OR(NOT(ISNUMBER('阶段汇总'!$B$3)),NOT(ISNUMBER('阶段汇总'!$B$4)),NOT(ISNUMBER('阶段汇总'!$B$5))),"待校准",IF('阶段汇总'!$B$5>=MAX(IF(ISNUMBER(I17),I17,0),IF(ISNUMBER(I18),I18,0)),"launch",IF(IF(ISNUMBER(I17),I17,0)>=IF(ISNUMBER(I18),I18,0),"compute","memory"))) -> memory | J21: =IF(OR(NOT(ISNUMBER('阶段汇总'!$B$3)),NOT(ISNUMBER('阶段汇总'!$B$4)),NOT(ISNUMBER('阶段汇总'!$B$5))),"待校准",IF('阶段汇总'!$B$5>=MAX(IF(ISNUMBER(J17),J17,0),IF(ISNUMBER(J18),J18,0)),"launch",IF(IF(ISNUMBER(J17),J17,0)>=IF(ISNUMBER(J18),J18,0),"compute","memory"))) -> memory | ... L21: =IF(OR(NOT(ISNUMBER('阶段汇总'!$B$3)),NOT(ISNUMBER('阶段汇总'!$B$4)),NOT(ISNUMBER('阶段汇总'!$B$5))),"待校准",IF('阶段汇总'!$B$5>=MAX(IF(ISNUMBER(L17),L17,0),IF(ISNUMBER(L18),L18,0)),"launch",IF(IF(ISNUMBER(L17),L17,0)>=IF(ISNUMBER(L18),L18,0),"compute","memory"))) -> memory | M21: N/A | N21: =IF(OR(NOT(ISNUMBER('阶段汇总'!$B$3)),NOT(ISNUMBER('阶段汇总'!$B$4)),NOT(ISNUMBER('阶段汇总'!$B$5))),"待校准",IF('阶段汇总'!$B$5>=MAX(IF(ISNUMBER(N17),N17,0),IF(ISNUMBER(N18),N18,0)),"launch",IF(IF(ISNUMBER(N17),N17,0)>=IF(ISNUMBER(N18),N18,0),"compute","memory"))) -> memory | O21: =IF(OR(NOT(ISNUMBER('阶段汇总'!$B$3)),NOT(ISNUMBER('阶段汇总'!$B$4)),NOT(ISNUMBER('阶段汇总'!$B$5))),"待校准",IF('阶段汇总'!$B$5>=MAX(IF(ISNUMBER(O17),O17,0),IF(ISNUMBER(O18),O18,0)),"launch",IF(IF(ISNUMBER(O17),O17,0)>=IF(ISNUMBER(O18),O18,0),"compute","memory"))) -> memory | P21: =IF(OR(NOT(ISNUMBER('阶段汇总'!$B$3)),NOT(ISNUMBER('阶段汇总'!$B$4)),NOT(ISNUMBER('阶段汇总'!$B$5))),"待校准",IF('阶段汇总'!$B$5>=MAX(IF(ISNUMBER(P17),P17,0),IF(ISNUMBER(P18),P18,0)),"launch",IF(IF(ISNUMBER(P17),P17,0)>=IF(ISNUMBER(P18),P18,0),"compute","memory"))) -> memory | Q21: =IF(OR(NOT(ISNUMBER('阶段汇总'!$B$3)),NOT(ISNUMBER('阶段汇总'!$B$4)),NOT(ISNUMBER('阶段汇总'!$B$5))),"待校准",IF('阶段汇总'!$B$5>=MAX(IF(ISNUMBER(Q17),Q17,0),IF(ISNUMBER(Q18),Q18,0)),"launch",IF(IF(ISNUMBER(Q17),Q17,0)>=IF(ISNUMBER(Q18),Q18,0),"compute","memory"))) -> memory | R21: =IF(OR(NOT(ISNUMBER('阶段汇总'!$B$3)),NOT(ISNUMBER('阶段汇总'!$B$4)),NOT(ISNUMBER('阶段汇总'!$B$5))),"待校准",IF('阶段汇总'!$B$5>=MAX(IF(ISNUMBER(R17),R17,0),IF(ISNUMBER(R18),R18,0)),"launch",IF(IF(ISNUMBER(R17),R17,0)>=IF(ISNUMBER(R18),R18,0),"compute","memory"))) -> compute | S21: =IF(OR(NOT(ISNUMBER('阶段汇总'!$B$3)),NOT(ISNUMBER('阶段汇总'!$B$4)),NOT(ISNUMBER('阶段汇总'!$B$5))),"待校准",IF('阶段汇总'!$B$5>=MAX(IF(ISNUMBER(S17),S17,0),IF(ISNUMBER(S18),S18,0)),"launch",IF(IF(ISNUMBER(S17),S17,0)>=IF(ISNUMBER(S18),S18,0),"compute","memory"))) -> memory | T21: =IF(OR(NOT(ISNUMBER('阶段汇总'!$B$3)),NOT(ISNUMBER('阶段汇总'!$B$4)),NOT(ISNUMBER('阶段汇总'!$B$5))),"待校准",IF('阶段汇总'!$B$5>=MAX(IF(ISNUMBER(T17),T17,0),IF(ISNUMBER(T18),T18,0)),"launch",IF(IF(ISNUMBER(T17),T17,0)>=IF(ISNUMBER(T18),T18,0),"compute","memory"))) -> memory | U21: =IF(OR(NOT(ISNUMBER('阶段汇总'!$B$3)),NOT(ISNUMBER('阶段汇总'!$B$4)),NOT(ISNUMBER('阶段汇总'!$B$5))),"待校准",IF('阶段汇总'!$B$5>=MAX(IF(ISNUMBER(U17),U17,0),IF(ISNUMBER(U18),U18,0)),"launch",IF(IF(ISNUMBER(U17),U17,0)>=IF(ISNUMBER(U18),U18,0),"compute","memory"))) -> memory | V21: N/A | W21: =IF(OR(NOT(ISNUMBER('阶段汇总'!$B$3)),NOT(ISNUMBER('阶段汇总'!$B$4)),NOT(ISNUMBER('阶段汇总'!$B$5))),"待校准",IF('阶段汇总'!$B$5>=MAX(IF(ISNUMBER(W17),W17,0),IF(ISNUMBER(W18),W18,0)),"launch",IF(IF(ISNUMBER(W17),W17,0)>=IF(ISNUMBER(W18),W18,0),"compute","memory"))) -> memory | X21: =IF(OR(NOT(ISNUMBER('阶段汇总'!$B$3)),NOT(ISNUMBER('阶段汇总'!$B$4)),NOT(ISNUMBER('阶段汇总'!$B$5))),"待校准",IF('阶段汇总'!$B$5>=MAX(IF(ISNUMBER(X17),X17,0),IF(ISNUMBER(X18),X18,0)),"launch",IF(IF(ISNUMBER(X17),X17,0)>=IF(ISNUMBER(X18),X18,0),"compute","memory"))) -> memory | Y21: =IF(OR(NOT(ISNUMBER('阶段汇总'!$B$3)),NOT(ISNUMBER('阶段汇总'!$B$4)),NOT(ISNUMBER('阶段汇总'!$B$5))),"待校准",IF('阶段汇总'!$B$5>=MAX(IF(ISNUMBER(Y17),Y17,0),IF(ISNUMBER(Y18),Y18,0)),"launch",IF(IF(ISNUMBER(Y17),Y17,0)>=IF(ISNUMBER(Y18),Y18,0),"compute","memory"))) -> memory | Z21: =IF(OR(NOT(ISNUMBER('阶段汇总'!$B$3)),NOT(ISNUMBER('阶段汇总'!$B$4)),NOT(ISNUMBER('阶段汇总'!$B$5))),"待校准",IF('阶段汇总'!$B$5>=MAX(IF(ISNUMBER(Z17),Z17,0),IF(ISNUMBER(Z18),Z18,0)),"launch",IF(IF(ISNUMBER(Z17),Z17,0)>=IF(ISNUMBER(Z18),Z18,0),"compute","memory"))) -> compute | AA21: =IF(OR(NOT(ISNUMBER('阶段汇总'!$B$3)),NOT(ISNUMBER('阶段汇总'!$B$4)),NOT(ISNUMBER('阶段汇总'!$B$5))),"待校准",IF('阶段汇总'!$B$5>=MAX(IF(ISNUMBER(AA17),AA17,0),IF(ISNUMBER(AA18),AA18,0)),"launch",IF(IF(ISNUMBER(AA17),AA17,0)>=IF(ISNUMBER(AA18),AA18,0),"compute","memory"))) -> memory | AB21: =IF(OR(NOT(ISNUMBER('阶段汇总'!$B$3)),NOT(ISNUMBER('阶段汇总'!$B$4)),NOT(ISNUMBER('阶段汇总'!$B$5))),"待校准",IF('阶段汇总'!$B$5>=MAX(IF(ISNUMBER(AB17),AB17,0),IF(ISNUMBER(AB18),AB18,0)),"launch",IF(IF(ISNUMBER(AB17),AB17,0)>=IF(ISNUMBER(AB18),AB18,0),"compute","memory"))) -> memory | AC21: =IF(OR(NOT(ISNUMBER('阶段汇总'!$B$3)),NOT(ISNUMBER('阶段汇总'!$B$4)),NOT(ISNUMBER('阶段汇总'!$B$5))),"待校准",IF('阶段汇总'!$B$5>=MAX(IF(ISNUMBER(AC17),AC17,0),IF(ISNUMBER(AC18),AC18,0)),"launch",IF(IF(ISNUMBER(AC17),AC17,0)>=IF(ISNUMBER(AC18),AC18,0),"compute","memory"))) -> memory | AD21: =IF(OR(NOT(ISNUMBER('阶段汇总'!$B$3)),NOT(ISNUMBER('阶段汇总'!$B$4)),NOT(ISNUMBER('阶段汇总'!$B$5))),"待校准",IF('阶段汇总'!$B$5>=MAX(IF(ISNUMBER(AD17),AD17,0),IF(ISNUMBER(AD18),AD18,0)),"launch",IF(IF(ISNUMBER(AD17),AD17,0)>=IF(ISNUMBER(AD18),AD18,0),"compute","memory"))) -> memory

Sheet 阶段汇总
A1: Wall Qwen3.5 · RPU 阶段汇总与参数化 roofline
A2: 可编辑情景参数 B3=100 TFLOP/s、B4=140 GB/s（十进制）；B3=100 对应 100 TOPS 按 2 operations/MAC，若规格按 1 operation/MAC 则填 200。历史观测不是发布认证；Action ACC32 pure-GEMM 面板单列。
A3: P_RPU_FP16 情景值 (TFLOP/s；2 FLOP/MAC账本) | B3: 100
A4: BW_RPU_DDR (GB/s, 十进制) | B4: 140
A5: L_launch/replay floor (ms; 理想化) | B5: 0
A6: 公式 | B6: Tcomp=F_MiFLOP×2^20/(P_TFLOPS×10^12)×1000；Tmem=Bytes_MiB×2^20/(BW_GB/s×10^9)×1000；Tfloor=max(Tcomp,Tmem,Llaunch)。当前 Llaunch=0 仅表示理想化下限。
A9: 阶段 | B9: profile | C9: 严格 FLOPs MiFLOP | D9: 假设 weight-stream proxy MiB | E9: 逻辑权重流量 MiB | F9: 显式 DMA MiB | G9: HWPerf span/proxy ms | H9: Profiler CPU scope ms | I9: 已知FLOP有效 TFLOP/s* | J9: 隐含权重流 GiB/s* | K9: Roofline下限 ms (L=0) | L9: 状态 | M9: 备注
A10: Vision | B10: observed 3图 (112+140+140) | C10: 236523 | D10: 1881 | E10: 1881 | F10: 78.439 | G10: 30.137669 | H10: 41.593907 | I10: 8.229314 | J10: 60.950768 | K10: =IF(OR(NOT(ISNUMBER($B$3)),NOT(ISNUMBER($B$4)),NOT(ISNUMBER($B$5))),"待校准",MAX(236523*1048576/(B3*1e12)*1000,1881*1048576/(B4*1000000000)*1000,B5)) -> 14.088368 | L10: HWPerf诊断 | M10: face BUILD + wrist BUILD/REPLAY proxy；3 calls / 2 retained signatures
A11: Text prefill | B11: observed real308→bucket320 | C11: 869454 | D11: 8120.5312 | E11: 7857.2812 | F11: 341.166 | G11: 98.662602 | H11: 143.8586 | I11: 9.2404678 | J11: 80.377024 | K11: =IF(OR(NOT(ISNUMBER($B$3)),NOT(ISNUMBER($B$4)),NOT(ISNUMBER($B$5))),"待校准",MAX(869454*1048576/(B3*1e12)*1000,8120.53125*1048576/(B4*1000000000)*1000,B5)) -> 60.821387 | L11: 历史oneshot诊断 | M11: 3 segments=128/128/64；当前source已规划retained bucket；补充GDN-BMM估算=1980 MiFLOP（每核 critical-path proxy；芯片聚合约×8）
A12: Action decoder | B12: observed prefix308, 10 steps | C12: 135660 | D12: 4080 | E12: 3720 | F12: 38.125 | G12: 51.192582 | H12: 124.06428 | I12: 2.7787194 | J12: 77.831101 | K12: =IF(OR(NOT(ISNUMBER($B$3)),NOT(ISNUMBER($B$4)),NOT(ISNUMBER($B$5))),"待校准",MAX(135660*1048576/(B3*1e12)*1000,4080*1048576/(B4*1000000000)*1000,B5)) -> 30.558501 | L12: HWPerf诊断 | M12: 1 BUILD+9 REPLAY；identity18/full6；ACC32
A13: 设备侧合计 | B13: observed diagnostic sum | C13: 1241637 | D13: 14081.531 | E13: 13458.281 | F13: 457.73 | G13: 179.99285 | H13: — | I13: 7.233347 | J13: 76.40023 | K13: =IF(OR(NOT(ISNUMBER($B$3)),NOT(ISNUMBER($B$4)),NOT(ISNUMBER($B$5))),"待校准",MAX(1241637*1048576/(B3*1e12)*1000,14081.53125*1048576/(B4*1000000000)*1000,B5)) -> 105.46826 | L13: 不可发布 | M13: 三段相加只是设备critical-path proxy，不等于端到端
A14: 完整 public API | B14: latest profiler ready_replay | C14: — | D14: — | E14: — | F14: — | G14: — | H14: 445.67077 | I14: — | J14: — | K14: N/A | L14: Profiler-only | M14: 历史淘汰候选 full API CPU scope≈445.671ms；无不可变 source receipt；非当前证据
A15: 未归因 host/调度 | B15: full API − device proxy (diagnostic) | C15: — | D15: — | E15: — | F15: — | G15: — | H15: 265.67792 | I15: — | J15: — | K15: N/A | L15: 不可发布 | M15: 差值仅作诊断，不用于扣减/宣称上限
A17: Vision | B17: max admitted 3图 | C17: 236523 | D17: 1881 | E17: 1881 | F17: — | G17: — | H17: — | I17: — | J17: — | K17: =IF(OR(NOT(ISNUMBER($B$3)),NOT(ISNUMBER($B$4)),NOT(ISNUMBER($B$5))),"待校准",MAX(236523*1048576/(B3*1e12)*1000,1881*1048576/(B4*1000000000)*1000,B5)) -> 14.088368 | L17: 参数化下限 | M17: 固定392 patch tokens；STEP0+merger included；Llaunch=0 理想化
A18: Text prefill | B18: max real384→bucket384 | C18: 1044036 | D18: 8120.5312 | E18: 7857.2812 | F18: — | G18: — | H18: — | I18: — | J18: — | K18: =IF(OR(NOT(ISNUMBER($B$3)),NOT(ISNUMBER($B$4)),NOT(ISNUMBER($B$5))),"待校准",MAX(1044036*1048576/(B3*1e12)*1000,8120.53125*1048576/(B4*1000000000)*1000,B5)) -> 60.821387 | L18: 参数化下限 | M18: chunks=128/128/128；strict total含Conv、不含GDN BMM；Llaunch=0；补充GDN-BMM估算=2376 MiFLOP（每核 critical-path proxy；芯片聚合约×8）
A19: Action decoder | B19: max prefix384, 10 steps | C19: 136800 | D19: 4080 | E19: 3720 | F19: — | G19: — | H19: — | I19: — | J19: — | K19: =IF(OR(NOT(ISNUMBER($B$3)),NOT(ISNUMBER($B$4)),NOT(ISNUMBER($B$5))),"待校准",MAX(136800*1048576/(B3*1e12)*1000,4080*1048576/(B4*1000000000)*1000,B5)) -> 30.558501 | L19: 参数化下限 | M19: SDPA KV=416; six full layers；Llaunch=0
A20: 请求合计 | B20: max admitted envelope | C20: 1417359 | D20: 14081.531 | E20: 13458.281 | F20: — | G20: — | H20: — | I20: — | J20: — | K20: =IF(OR(NOT(ISNUMBER($B$3)),NOT(ISNUMBER($B$4)),NOT(ISNUMBER($B$5))),"待校准",MAX(1417359*1048576/(B3*1e12)*1000,14081.53125*1048576/(B4*1000000000)*1000,B5)) -> 105.46826 | L20: 参数化下限 | M20: 严格已知 FLOPs；权重流量按每图/每chunk/每step重新stream假设；不含activation/KV/host；Llaunch=0；补充GDN-BMM估算=2376 MiFLOP（每核 critical-path proxy；芯片聚合约×8）
A22: 独立 pure-GEMM 诊断面板（仅 Action ACC32；不等于整网峰值）
A23: profile | B23: global/local shape | C23: release tile | D23: Compute critical µs | E23: Host replay p50 µs | F23: 有效 TFLOP/s | G23: 条件/边界
A24: q/k/v/gate/up | B24: [32,2048,1024] / [32,256,1024] | C24: n=112,m=240 | D24: 35.111 | E24: 68.194 | F24: 3.822669 | G24: FP16 weight + ACC32; 8 cores; 5 warmup+40 replay
A25: o/down | B25: [32,1024,2048] / [32,1024,256] | C25: n=32,m=496 | D25: 33.761 | E25: 67.886 | F25: 3.975526 | G25: FP16 weight + ACC32; 8 cores; 5 warmup+40 replay
A26: qkv fastest observed | B26: [32,2048,1024] / [32,256,1024] | C26: n=32,m=496 | D26: 34.693 | E26: 68.347 | F26: 3.868726 | G26: diagnostic variant; run-to-run spread, not promotion
A27: o/down fastest observed | B27: [32,1024,2048] / [32,1024,256] | C27: n=48,m=416 | D27: 33.754 | E27: 67.04 | F27: 3.97635 | G27: diagnostic variant; run-to-run spread, not promotion
A28: 来源：skills/rhinoforge-kernel-opt/references/hxcc-optimization-playbook.md §Corrected standalone pure-GEMM panel；Compute 是重叠 core critical path，host replay/build/权重常驻条件与整网不同。

Sheet 口径与证据
A1: 口径、架构事实与证据边界（发布前请先读）
A2: 本页把可复核事实、历史诊断和假设分开；任何‘待校准’单元格都不能用 Thor 数值替代。
A4: 主题 | B4: 结论/取值 | C4: 本地证据（路径/范围） | D4: 对表格的影响
A5: 精确模型 | B5: Wall Qwen3.5 local checkpoint; Source-only controlled profile | C5: docs/wall_qwen35_ready_profile_assessment.md §1,§6 | D5: 不是通用 Qwen3.5/Wall-OSS 性能继承
A6: 输入 envelope | B6: batch=1; 3 cameras; grids [1,8,14]+[1,10,14]×2; action [1,32,26]; 10 steps; prefix≤384 | C6: docs/wall_qwen35_ready_profile_assessment.md:11-15; python/rpu_backend/adapters/wall_qwen35/preprocessing.py | D6: Vision M=112/140/140; text bucket 64..384; action prefix is semantic
A7: Vision execution | B7: STEP0 patch_embed + 24 blocks + in-graph merger; two retained geometry signatures | C7: python/rpu_backend/adapters/qwen3_5/vision.py:675-677,864-865,1118-1149; python/rpu_backend/adapters/wall_qwen35/runtime.py:247-276 | D7: analysis assumes weight streaming repeats for 3 calls; two geometry signatures are retained
A8: Text layer pattern | B8: 18 GDN/linear layers + 6 full layers (full every fourth); cache-only, no lm_head | C8: config.json; src/fused/rpu_qwen3_5_model.cpp:694-707; docs/wall_qwen35_ready_profile_assessment.md:14 | D8: GDN row is not ‘linear attention’ FLOP-equivalent to Thor shorthand
A9: Text bucket | B9: canonical observed 308→320; max admitted 384; chunk ceiling 128; chunks 128/128/(64 or128) | C9: python/rpu_backend/adapters/qwen3_5/text.py:115-232,963-1100; wall_qwen35/preprocessing.py:29-36 | D9: weight traffic repeats per chunk; arithmetic uses total physical bucket rows
A10: Action execution | B10: 24 layers = 18 identity mixers + 6 full attention [3,7,11,15,19,23]; ACC32 | C10: src/fused/rpu_qwen3_5_model.h:111-114; src/fused/rpu_qwen3_5_model.cpp:39-51,694-707; action.py:749-752 | D10: do not label the 18 identity layers as GDN/linear-attention
A11: KV replication | B11: logical KV=2 heads; RPU full-attention effective KV=8; physical QKV+gate N=8192 vs logical N=5120 | C11: python/rpu_backend/adapters/qwen3_5/text.py:319-332,637-646,778-784; src/fused/rpu_qwen3_5_model.cpp:924-929 | D11: physical parameter/traffic rows exceed Thor logical shorthand
A12: GDN b/a padding | B12: logical b/a=16 each; RPU N_bg=128 (16 slots/core ×8 cores) | C12: src/fused/rpu_qwen3_5_model.cpp:1111-1118; python/rpu_backend/adapters/qwen3_5/text.py:680-706 | D12: physical projection width=8448 vs logical 8224
A13: RPU hardware | B13: 8 cores; 8 MiB SPM/core; conservative usable≈7.5 MiB/core; FP16 primary | C13: docs/architecture.md:146-148; docs/model_porting_capability_review.md:93-116 | D13: SPM/FP16 constraints are included; no MXFP8 assumption
A14: Operator assets | B14: runtime-v1.0.0-r4 manifest has FP16 GEMM/parallel_linear, FlashAttention, GDN conv, norm/rope; no MXFP8 Wall asset or GEMM epilogue fusion | C14: runtime manifest .kernels; skills/rhinoforge-kernel-opt/references/kernel-profiles.md | D14: all weights counted as FP16; fused arms are not promoted
A15: Peak compute/BW | B15: 情景 B3=100 TFLOP/s、DDR=140 GB/s；B3=100 对应 100 TOPS 按 2 operations/MAC，若按 1 operation/MAC 则填 200；非 vendor attestation | C15: 用户本轮输入；repo boundary: skills/rhinoforge-kernel-opt/validation/local-capability-2026-08-31.md:230-276; docs/runtime_config.md:503-507 | D15: 统一 FP16 roofline 情景；Action 的 ACC32 实测面板不用于校准 Vision/Text；禁止沿用 Thor 258.5/517/273
... A23: Pure-GEMM panel | B23: Action ACC32 exact-shape diagnostic: roughly 3.82 TFLOP/s (qkv) and 3.98 TFLOP/s (o/down) | C23: skills/rhinoforge-kernel-opt/references/hxcc-optimization-playbook.md §Corrected standalone pure-GEMM panel | D23: operator-only evidence; cannot be promoted to a universal RPU peak or extrapolated to Vision/Text
